filename,annotation,onset,offset
000020.wav,cutlery_dishes,1.0,2.0
000020.wav,cutlery_dishes,4.0,5.0
000020.wav,footsteps,6.0,20.0
000020.wav,keyboard_typing,25.0,26.0
000020.wav,footsteps,27.0,30.0
000021.wav,footsteps,1.0,2.0
000021.wav,footsteps,5.0,9.0
000021.wav,footsteps,13.0,16.0
000021.wav,door_open_close,16.0,18.0
000022.wav,footsteps,3.0,4.0
000022.wav,window_open_close,19.0,21.0
000022.wav,door_open_close,24.0,25.0
000022.wav,window_open_close,24.0,25.0
000023.wav,running_water,1.0,7.0
000023.wav,microwave,20.0,21.0
000023.wav,keychain,25.0,29.0
000023.wav,door_open_close,29.0,30.0
000023.wav,running_water,32.0,34.0
000023.wav,microwave,33.0,34.0
000024.wav,microwave,1.0,6.0
000024.wav,running_water,4.0,12.0
000024.wav,toilet_flushing,15.0,17.0
000024.wav,microwave,19.0,20.0
000024.wav,toilet_flushing,21.0,22.0
000024.wav,microwave,24.0,25.0
000025.wav,keyboard_typing,1.0,16.0
000025.wav,phone_ringing,15.0,18.0
000025.wav,keyboard_typing,18.0,23.0
000025.wav,phone_ringing,20.0,24.0
000025.wav,microwave,21.0,25.0
000025.wav,keyboard_typing,25.0,27.0
000025.wav,microwave,26.0,32.0
000025.wav,phone_ringing,28.0,30.0
000025.wav,phone_ringing,31.0,32.0
000026.wav,footsteps,1.0,4.0
000026.wav,wardrobe_drawer_open_close,4.0,13.0
000026.wav,door_open_close,12.0,13.0
000026.wav,door_open_close,15.0,16.0
000026.wav,keychain,15.0,16.0
000026.wav,door_open_close,18.0,20.0
000026.wav,keychain,18.0,20.0
000027.wav,footsteps,1.0,3.0
000027.wav,running_water,4.0,8.0
000027.wav,footsteps,9.0,13.0
000027.wav,running_water,14.0,17.0
000027.wav,microwave,16.0,23.0
000027.wav,running_water,23.0,26.0
000027.wav,microwave,25.0,28.0
000027.wav,microwave,30.0,31.0
000027.wav,running_water,30.0,31.0
000028.wav,keychain,0.0,2.0
000029.wav,toilet_flushing,4.0,7.0
000029.wav,running_water,4.0,12.0
000029.wav,toilet_flushing,9.0,11.0
000029.wav,footsteps,15.0,16.0
000030.wav,keyboard_typing,0.0,1.0
000030.wav,footsteps,2.0,5.0
000030.wav,footsteps,11.0,13.0
000031.wav,footsteps,10.0,12.0
000032.wav,keyboard_typing,0.0,1.0
000033.wav,keyboard_typing,0.0,1.0
000033.wav,phone_ringing,2.0,7.0
000033.wav,phone_ringing,10.0,11.0
000033.wav,footsteps,10.0,13.0
000033.wav,phone_ringing,12.0,16.0
000033.wav,door_open_close,18.0,19.0
000034.wav,running_water,1.0,5.0
000035.wav,keyboard_typing,3.0,4.0
000035.wav,footsteps,3.0,6.0
000035.wav,footsteps,14.0,16.0
000036.wav,keyboard_typing,5.0,6.0
000036.wav,keyboard_typing,13.0,18.0
000037.wav,door_open_close,7.0,10.0
000037.wav,footsteps,11.0,14.0
000037.wav,door_open_close,16.0,17.0
000037.wav,keychain,18.0,22.0
000037.wav,microwave,19.0,22.0
000038.wav,footsteps,3.0,4.0
000038.wav,footsteps,8.0,10.0
000038.wav,footsteps,18.0,19.0
000039.wav,keyboard_typing,2.0,17.0
000039.wav,phone_ringing,6.0,14.0
000040.wav,running_water,2.0,24.0
000040.wav,cutlery_dishes,9.0,20.0
000041.wav,footsteps,2.0,6.0
000041.wav,door_open_close,15.0,18.0
000042.wav,footsteps,3.0,6.0
000042.wav,door_open_close,6.0,7.0
000042.wav,running_water,12.0,22.0
000042.wav,footsteps,24.0,27.0
000042.wav,door_open_close,28.0,29.0
000043.wav,phone_ringing,2.0,13.0
000043.wav,running_water,5.0,9.0
000043.wav,bell_ringing,6.0,8.0
000043.wav,keyboard_typing,11.0,12.0
000043.wav,microwave,12.0,13.0
000043.wav,running_water,12.0,15.0
000043.wav,keychain,15.0,19.0
000043.wav,keychain,21.0,23.0
000043.wav,keychain,25.0,28.0
000044.wav,keyboard_typing,2.0,5.0
000044.wav,phone_ringing,2.0,8.0
000044.wav,keyboard_typing,6.0,15.0
000044.wav,phone_ringing,10.0,16.0
000045.wav,footsteps,0.0,1.0
000045.wav,vacuum_cleaner,3.0,25.0
000045.wav,phone_ringing,7.0,25.0
000045.wav,microwave,24.0,26.0
000046.wav,footsteps,0.0,1.0
000046.wav,microwave,7.0,10.0
000046.wav,microwave,11.0,18.0
000046.wav,running_water,11.0,23.0
000046.wav,cutlery_dishes,15.0,16.0
000046.wav,keychain,18.0,19.0
000046.wav,footsteps,23.0,25.0
000168.wav,door_open_close,2.0,3.0
000168.wav,footsteps,2.0,4.0
000168.wav,light_switch,4.0,6.0
000168.wav,footsteps,12.0,13.0
000168.wav,keyboard_typing,19.0,24.0
000169.wav,wardrobe_drawer_open_close,1.0,3.0
000169.wav,running_water,7.0,13.0
000170.wav,toilet_flushing,0.0,4.0
000170.wav,vacuum_cleaner,1.0,3.0
000170.wav,toilet_flushing,6.0,8.0
000170.wav,door_open_close,10.0,11.0
000171.wav,footsteps,2.0,4.0
000171.wav,wardrobe_drawer_open_close,4.0,6.0
000171.wav,footsteps,5.0,9.0
000171.wav,keyboard_typing,10.0,28.0
000171.wav,phone_ringing,17.0,23.0
000172.wav,footsteps,1.0,3.0
000172.wav,keyboard_typing,12.0,19.0
000172.wav,window_open_close,22.0,24.0
000172.wav,phone_ringing,24.0,26.0
000173.wav,door_open_close,2.0,4.0
000173.wav,door_open_close,5.0,8.0
000173.wav,door_open_close,11.0,12.0
000173.wav,footsteps,13.0,16.0
000173.wav,footsteps,17.0,20.0
000173.wav,wardrobe_drawer_open_close,20.0,22.0
000173.wav,footsteps,22.0,23.0
000174.wav,running_water,9.0,19.0
000174.wav,toilet_flushing,11.0,16.0
000175.wav,door_open_close,0.0,2.0
000175.wav,keychain,0.0,2.0
000175.wav,footsteps,3.0,5.0
000175.wav,door_open_close,6.0,8.0
000175.wav,keychain,10.0,21.0
000175.wav,keyboard_typing,18.0,19.0
000175.wav,door_open_close,21.0,25.0
000175.wav,microwave,25.0,26.0
000228.wav,footsteps,0.0,1.0
000228.wav,door_open_close,2.0,4.0
000228.wav,cutlery_dishes,6.0,8.0
000228.wav,light_switch,6.0,8.0
000228.wav,door_open_close,10.0,12.0
000228.wav,window_open_close,10.0,12.0
000229.wav,toilet_flushing,4.0,10.0
000229.wav,running_water,9.0,18.0
000230.wav,cutlery_dishes,3.0,4.0
000230.wav,light_switch,3.0,4.0
000230.wav,footsteps,6.0,10.0
000230.wav,wardrobe_drawer_open_close,11.0,12.0
000231.wav,cutlery_dishes,6.0,11.0
000231.wav,footsteps,13.0,16.0
000231.wav,footsteps,21.0,23.0
000232.wav,running_water,3.0,13.0
000233.wav,footsteps,2.0,5.0
000233.wav,footsteps,7.0,8.0
000233.wav,keychain,8.0,10.0
000233.wav,door_open_close,10.0,11.0
000233.wav,keyboard_typing,12.0,17.0
000234.wav,microwave,0.0,2.0
000234.wav,keyboard_typing,9.0,10.0
000234.wav,microwave,15.0,16.0
000235.wav,vacuum_cleaner,6.0,8.0
000235.wav,cutlery_dishes,7.0,8.0
000235.wav,footsteps,11.0,15.0
000235.wav,door_open_close,13.0,15.0
000235.wav,footsteps,16.0,18.0
000272.wav,door_open_close,0.0,1.0
000272.wav,wardrobe_drawer_open_close,2.0,4.0
000272.wav,footsteps,21.0,25.0
000272.wav,microwave,27.0,30.0
000273.wav,running_water,1.0,4.0
000273.wav,running_water,7.0,15.0
000273.wav,cutlery_dishes,16.0,19.0
000273.wav,door_open_close,18.0,19.0
000274.wav,footsteps,1.0,4.0
000274.wav,wardrobe_drawer_open_close,4.0,5.0
000274.wav,running_water,10.0,11.0
000274.wav,vacuum_cleaner,10.0,16.0
000274.wav,footsteps,18.0,19.0
000275.wav,cutlery_dishes,2.0,4.0
000275.wav,vacuum_cleaner,19.0,26.0
000275.wav,coffee_machine,20.0,27.0
000275.wav,keyboard_typing,28.0,30.0
000276.wav,footsteps,3.0,7.0
000276.wav,footsteps,9.0,11.0
000276.wav,phone_ringing,17.0,24.0
000277.wav,keyboard_typing,3.0,4.0
000277.wav,door_open_close,10.0,12.0
000277.wav,footsteps,13.0,15.0
000277.wav,wardrobe_drawer_open_close,14.0,15.0
000277.wav,door_open_close,17.0,19.0
000277.wav,keyboard_typing,19.0,20.0
000277.wav,cutlery_dishes,23.0,25.0
000277.wav,keyboard_typing,28.0,30.0
000278.wav,keyboard_typing,1.0,12.0
000278.wav,footsteps,19.0,23.0
000278.wav,phone_ringing,24.0,29.0
000278.wav,keyboard_typing,26.0,29.0
000279.wav,running_water,19.0,20.0
000279.wav,keyboard_typing,21.0,23.0
000279.wav,running_water,24.0,25.0
000279.wav,wardrobe_drawer_open_close,26.0,27.0
000279.wav,keyboard_typing,28.0,29.0
000310.wav,keychain,0.0,10.0
000310.wav,footsteps,7.0,8.0
000310.wav,running_water,7.0,8.0
000310.wav,cutlery_dishes,8.0,10.0
000310.wav,footsteps,11.0,12.0
000310.wav,keychain,12.0,15.0
000310.wav,running_water,14.0,18.0
000310.wav,cutlery_dishes,14.0,19.0
000310.wav,keychain,17.0,18.0
000310.wav,footsteps,24.0,29.0
000311.wav,running_water,1.0,8.0
000311.wav,running_water,14.0,20.0
000311.wav,keychain,15.0,19.0
000312.wav,cutlery_dishes,0.0,2.0
000312.wav,door_open_close,1.0,3.0
000312.wav,keychain,1.0,7.0
000312.wav,cutlery_dishes,7.0,10.0
000312.wav,keychain,10.0,12.0
000312.wav,running_water,14.0,20.0
000312.wav,keychain,18.0,19.0
000312.wav,cutlery_dishes,20.0,23.0
000312.wav,running_water,27.0,33.0
000312.wav,keychain,29.0,32.0
000312.wav,cutlery_dishes,31.0,33.0
000313.wav,vacuum_cleaner,11.0,18.0
000313.wav,coffee_machine,23.0,35.0
000314.wav,wardrobe_drawer_open_close,0.0,1.0
000314.wav,door_open_close,0.0,2.0
000314.wav,wardrobe_drawer_open_close,3.0,5.0
000314.wav,door_open_close,5.0,7.0
000314.wav,keychain,5.0,7.0
000314.wav,footsteps,21.0,22.0
000314.wav,keyboard_typing,23.0,31.0
000315.wav,footsteps,0.0,4.0
000315.wav,wardrobe_drawer_open_close,4.0,6.0
000315.wav,keyboard_typing,6.0,20.0
000315.wav,phone_ringing,13.0,16.0
000315.wav,phone_ringing,18.0,20.0
000316.wav,footsteps,2.0,13.0
000316.wav,footsteps,19.0,20.0
000316.wav,cutlery_dishes,25.0,27.0
000316.wav,vacuum_cleaner,34.0,35.0
000317.wav,vacuum_cleaner,0.0,21.0
000317.wav,phone_ringing,15.0,17.0
000326.wav,phone_ringing,9.0,27.0
000326.wav,running_water,23.0,24.0
000326.wav,keyboard_typing,26.0,27.0
000327.wav,keychain,0.0,12.0
000327.wav,door_open_close,4.0,6.0
000327.wav,cutlery_dishes,10.0,12.0
000327.wav,door_open_close,10.0,15.0
000327.wav,footsteps,16.0,18.0
000328.wav,running_water,1.0,9.0
000328.wav,vacuum_cleaner,7.0,10.0
000328.wav,vacuum_cleaner,11.0,13.0
000328.wav,vacuum_cleaner,17.0,20.0
000328.wav,running_water,20.0,21.0
000329.wav,phone_ringing,0.0,16.0
000329.wav,keychain,18.0,22.0
000329.wav,keyboard_typing,18.0,23.0
000329.wav,keychain,23.0,24.0
000330.wav,coffee_machine,2.0,14.0
000330.wav,bell_ringing,3.0,5.0
000330.wav,vacuum_cleaner,7.0,10.0
000330.wav,bell_ringing,12.0,14.0
000330.wav,toilet_flushing,15.0,23.0
000330.wav,running_water,18.0,23.0
000331.wav,vacuum_cleaner,1.0,12.0
000331.wav,footsteps,12.0,20.0
000331.wav,vacuum_cleaner,14.0,15.0
000331.wav,cutlery_dishes,18.0,20.0
000332.wav,running_water,2.0,23.0
000332.wav,vacuum_cleaner,7.0,10.0
000332.wav,vacuum_cleaner,17.0,19.0
000333.wav,footsteps,3.0,10.0
000333.wav,bell_ringing,12.0,17.0
000333.wav,coffee_machine,13.0,14.0
000333.wav,vacuum_cleaner,14.0,15.0
000333.wav,footsteps,17.0,19.0
000333.wav,cutlery_dishes,20.0,21.0
000333.wav,door_open_close,20.0,21.0
000334.wav,running_water,2.0,21.0
000335.wav,phone_ringing,0.0,21.0
000335.wav,running_water,3.0,6.0
000335.wav,keychain,4.0,6.0
000335.wav,keyboard_typing,8.0,11.0
000335.wav,running_water,13.0,15.0
000335.wav,keychain,14.0,16.0
000335.wav,keyboard_typing,20.0,21.0
000335.wav,keychain,20.0,21.0
000336.wav,cutlery_dishes,4.0,10.0
000336.wav,cutlery_dishes,12.0,13.0
000336.wav,microwave,13.0,23.0
000336.wav,phone_ringing,19.0,20.0
000336.wav,cutlery_dishes,19.0,22.0
000337.wav,footsteps,4.0,7.0
000337.wav,running_water,7.0,14.0
000337.wav,cutlery_dishes,17.0,21.0
000338.wav,bell_ringing,8.0,11.0
000338.wav,phone_ringing,9.0,10.0
000338.wav,footsteps,12.0,20.0
000338.wav,door_open_close,20.0,22.0
000339.wav,keyboard_typing,2.0,8.0
000339.wav,phone_ringing,11.0,14.0
000339.wav,cutlery_dishes,12.0,14.0
000339.wav,keyboard_typing,13.0,19.0
000339.wav,phone_ringing,16.0,18.0
000339.wav,keyboard_typing,26.0,27.0
000340.wav,light_switch,0.0,1.0
000340.wav,footsteps,2.0,4.0
000340.wav,wardrobe_drawer_open_close,4.0,6.0
000340.wav,wardrobe_drawer_open_close,9.0,11.0
000340.wav,bell_ringing,13.0,17.0
000340.wav,vacuum_cleaner,16.0,18.0
000340.wav,running_water,18.0,24.0
000340.wav,wardrobe_drawer_open_close,28.0,29.0
000341.wav,wardrobe_drawer_open_close,2.0,4.0
000341.wav,keychain,4.0,8.0
000341.wav,wardrobe_drawer_open_close,8.0,10.0
000341.wav,keyboard_typing,11.0,16.0
000341.wav,keyboard_typing,19.0,20.0
000342.wav,running_water,4.0,7.0
000342.wav,toilet_flushing,4.0,7.0
000342.wav,running_water,15.0,22.0
000342.wav,footsteps,24.0,25.0
000342.wav,footsteps,30.0,31.0
000343.wav,footsteps,1.0,7.0
000344.wav,running_water,2.0,21.0
000344.wav,microwave,9.0,20.0
000344.wav,cutlery_dishes,13.0,17.0
000345.wav,microwave,2.0,10.0
000345.wav,cutlery_dishes,3.0,6.0
000345.wav,vacuum_cleaner,3.0,33.0
000345.wav,coffee_machine,7.0,10.0
000345.wav,cutlery_dishes,9.0,14.0
000345.wav,bell_ringing,10.0,15.0
000345.wav,microwave,18.0,22.0
000345.wav,coffee_machine,19.0,22.0
000345.wav,running_water,20.0,22.0
000345.wav,coffee_machine,24.0,30.0
000345.wav,footsteps,36.0,39.0
000383.wav,door_open_close,11.0,12.0
000383.wav,footsteps,12.0,17.0
000383.wav,footsteps,18.0,20.0
000384.wav,door_open_close,0.0,1.0
000384.wav,keychain,0.0,14.0
000384.wav,footsteps,1.0,9.0
000384.wav,door_open_close,3.0,6.0
000384.wav,door_open_close,7.0,9.0
000384.wav,keyboard_typing,16.0,17.0
000384.wav,footsteps,16.0,18.0
000384.wav,door_open_close,16.0,21.0
000384.wav,footsteps,22.0,24.0
000384.wav,door_open_close,26.0,27.0
000385.wav,keyboard_typing,1.0,6.0
000385.wav,footsteps,3.0,4.0
000385.wav,keyboard_typing,8.0,16.0
000385.wav,footsteps,13.0,14.0
000385.wav,phone_ringing,17.0,23.0
000386.wav,door_open_close,0.0,1.0
000386.wav,window_open_close,0.0,1.0
000386.wav,cutlery_dishes,4.0,7.0
000386.wav,microwave,6.0,8.0
000386.wav,running_water,10.0,20.0
000386.wav,cutlery_dishes,12.0,13.0
000387.wav,door_open_close,1.0,3.0
000387.wav,door_open_close,9.0,10.0
000387.wav,footsteps,11.0,12.0
000387.wav,toilet_flushing,16.0,18.0
000387.wav,running_water,16.0,19.0
000387.wav,running_water,20.0,25.0
000388.wav,footsteps,1.0,7.0
000388.wav,door_open_close,7.0,10.0
000388.wav,wardrobe_drawer_open_close,9.0,10.0
000388.wav,footsteps,12.0,14.0
000389.wav,footsteps,3.0,5.0
000389.wav,footsteps,13.0,16.0
000390.wav,cutlery_dishes,1.0,6.0
000390.wav,keychain,2.0,5.0
000390.wav,running_water,7.0,15.0
000390.wav,footsteps,14.0,15.0
000447.wav,bell_ringing,1.0,11.0
000447.wav,footsteps,7.0,11.0
000447.wav,keyboard_typing,9.0,10.0
000447.wav,door_open_close,16.0,17.0
000447.wav,footsteps,17.0,18.0
000448.wav,keyboard_typing,1.0,4.0
000448.wav,footsteps,1.0,5.0
000448.wav,wardrobe_drawer_open_close,7.0,8.0
000448.wav,keychain,10.0,13.0
000448.wav,running_water,11.0,12.0
000448.wav,wardrobe_drawer_open_close,15.0,17.0
000449.wav,footsteps,2.0,5.0
000450.wav,running_water,1.0,15.0
000450.wav,cutlery_dishes,6.0,12.0
000451.wav,phone_ringing,1.0,5.0
000451.wav,keyboard_typing,2.0,10.0
000451.wav,phone_ringing,7.0,11.0
000451.wav,keyboard_typing,13.0,15.0
000451.wav,phone_ringing,13.0,16.0
000452.wav,door_open_close,0.0,1.0
000452.wav,wardrobe_drawer_open_close,0.0,1.0
000452.wav,window_open_close,0.0,1.0
000452.wav,footsteps,1.0,3.0
000452.wav,footsteps,5.0,11.0
000452.wav,keyboard_typing,11.0,16.0
000453.wav,door_open_close,1.0,3.0
000453.wav,footsteps,2.0,4.0
000453.wav,toilet_flushing,9.0,15.0
000453.wav,running_water,9.0,16.0
000454.wav,keyboard_typing,1.0,8.0
000454.wav,footsteps,9.0,15.0
000454.wav,wardrobe_drawer_open_close,16.0,18.0
000566.wav,footsteps,6.0,8.0
000566.wav,footsteps,9.0,14.0
000566.wav,phone_ringing,19.0,21.0
000566.wav,cutlery_dishes,19.0,23.0
000566.wav,wardrobe_drawer_open_close,19.0,23.0
000566.wav,running_water,20.0,22.0
000567.wav,bell_ringing,1.0,4.0
000567.wav,microwave,1.0,4.0
000567.wav,microwave,6.0,9.0
000567.wav,cutlery_dishes,6.0,11.0
000567.wav,wardrobe_drawer_open_close,9.0,10.0
000567.wav,cutlery_dishes,12.0,14.0
000567.wav,bell_ringing,16.0,18.0
000568.wav,keyboard_typing,2.0,7.0
000568.wav,bell_ringing,2.0,17.0
000568.wav,microwave,2.0,17.0
000568.wav,vacuum_cleaner,9.0,11.0
000568.wav,keyboard_typing,10.0,17.0
000568.wav,vacuum_cleaner,15.0,17.0
000569.wav,footsteps,2.0,7.0
000569.wav,running_water,9.0,11.0
000569.wav,wardrobe_drawer_open_close,9.0,11.0
000569.wav,door_open_close,13.0,15.0
000569.wav,wardrobe_drawer_open_close,13.0,15.0
000570.wav,wardrobe_drawer_open_close,4.0,6.0
000570.wav,keyboard_typing,8.0,9.0
000570.wav,keyboard_typing,10.0,12.0
000570.wav,footsteps,14.0,15.0
000571.wav,keychain,2.0,9.0
000571.wav,footsteps,10.0,12.0
000572.wav,keyboard_typing,1.0,11.0
000573.wav,phone_ringing,2.0,3.0
000573.wav,bell_ringing,6.0,8.0
000573.wav,phone_ringing,6.0,9.0
000573.wav,window_open_close,11.0,12.0
000573.wav,keyboard_typing,11.0,17.0
000573.wav,window_open_close,16.0,17.0
000591.wav,keychain,7.0,11.0
000591.wav,cutlery_dishes,11.0,13.0
000593.wav,toilet_flushing,3.0,6.0
000593.wav,vacuum_cleaner,4.0,5.0
000593.wav,footsteps,12.0,13.0
000593.wav,running_water,14.0,19.0
000593.wav,vacuum_cleaner,16.0,17.0
000593.wav,microwave,16.0,18.0
000594.wav,keyboard_typing,13.0,16.0
000594.wav,keyboard_typing,20.0,28.0
000594.wav,phone_ringing,24.0,26.0
000595.wav,vacuum_cleaner,17.0,26.0
000595.wav,running_water,19.0,22.0
000596.wav,toilet_flushing,3.0,7.0
000596.wav,vacuum_cleaner,4.0,6.0
000596.wav,running_water,6.0,8.0
000596.wav,footsteps,8.0,10.0
000596.wav,microwave,14.0,15.0
000598.wav,footsteps,14.0,15.0
000665.wav,footsteps,0.0,22.0
000665.wav,door_open_close,3.0,8.0
000665.wav,window_open_close,16.0,17.0
000665.wav,door_open_close,16.0,22.0
000665.wav,window_open_close,20.0,22.0
000665.wav,wardrobe_drawer_open_close,21.0,22.0
000666.wav,keyboard_typing,0.0,21.0
000666.wav,footsteps,2.0,4.0
000666.wav,bell_ringing,10.0,14.0
000666.wav,bell_ringing,16.0,20.0
000667.wav,light_switch,0.0,1.0
000667.wav,running_water,8.0,11.0
000667.wav,cutlery_dishes,17.0,18.0
000667.wav,microwave,19.0,31.0
000668.wav,footsteps,3.0,12.0
000668.wav,door_open_close,5.0,7.0
000668.wav,door_open_close,10.0,13.0
000668.wav,wardrobe_drawer_open_close,12.0,13.0
000668.wav,footsteps,14.0,20.0
000668.wav,window_open_close,18.0,21.0
000668.wav,door_open_close,19.0,21.0
000668.wav,light_switch,20.0,21.0
000669.wav,keyboard_typing,0.0,1.0
000669.wav,cutlery_dishes,1.0,3.0
000669.wav,running_water,4.0,9.0
000669.wav,cutlery_dishes,8.0,10.0
000669.wav,running_water,11.0,15.0
000669.wav,cutlery_dishes,14.0,18.0
000669.wav,running_water,17.0,20.0
000670.wav,toilet_flushing,0.0,1.0
000670.wav,vacuum_cleaner,1.0,3.0
000670.wav,footsteps,4.0,6.0
000670.wav,footsteps,8.0,16.0
000670.wav,running_water,20.0,28.0
000670.wav,wardrobe_drawer_open_close,30.0,31.0
000671.wav,door_open_close,6.0,8.0
000671.wav,keychain,8.0,9.0
000671.wav,door_open_close,11.0,16.0
000671.wav,footsteps,12.0,18.0
000672.wav,vacuum_cleaner,1.0,17.0
000672.wav,bell_ringing,4.0,16.0
000673.wav,microwave,7.0,16.0
000673.wav,running_water,13.0,22.0
000673.wav,cutlery_dishes,15.0,16.0
000673.wav,microwave,19.0,28.0
000674.wav,vacuum_cleaner,0.0,20.0
000674.wav,bell_ringing,1.0,20.0
000710.wav,phone_ringing,0.0,4.0
000710.wav,keyboard_typing,0.0,10.0
000710.wav,phone_ringing,9.0,13.0
000710.wav,keyboard_typing,11.0,17.0
000711.wav,running_water,1.0,21.0
000711.wav,cutlery_dishes,6.0,7.0
000711.wav,toilet_flushing,7.0,10.0
000711.wav,cutlery_dishes,12.0,16.0
000711.wav,toilet_flushing,17.0,18.0
000712.wav,footsteps,1.0,7.0
000712.wav,keychain,8.0,12.0
000713.wav,footsteps,1.0,5.0
000713.wav,door_open_close,6.0,8.0
000713.wav,footsteps,6.0,10.0
000713.wav,door_open_close,10.0,12.0
000713.wav,toilet_flushing,20.0,21.0
000714.wav,microwave,4.0,22.0
000714.wav,coffee_machine,13.0,16.0
000714.wav,cutlery_dishes,21.0,22.0
000715.wav,footsteps,2.0,8.0
000715.wav,phone_ringing,12.0,14.0
000715.wav,cutlery_dishes,12.0,15.0
000716.wav,keyboard_typing,4.0,21.0
000717.wav,keychain,2.0,5.0
000717.wav,cutlery_dishes,3.0,5.0
000717.wav,footsteps,5.0,10.0
000717.wav,keychain,9.0,17.0
000717.wav,cutlery_dishes,12.0,15.0
000802.wav,cutlery_dishes,11.0,15.0
000802.wav,light_switch,12.0,14.0
000803.wav,footsteps,6.0,13.0
000803.wav,door_open_close,10.0,12.0
000803.wav,wardrobe_drawer_open_close,19.0,20.0
000803.wav,footsteps,20.0,21.0
000803.wav,door_open_close,21.0,23.0
000803.wav,footsteps,22.0,25.0
000804.wav,keyboard_typing,1.0,18.0
000805.wav,footsteps,1.0,7.0
000805.wav,footsteps,15.0,18.0
000805.wav,door_open_close,18.0,19.0
000806.wav,footsteps,1.0,3.0
000806.wav,footsteps,8.0,11.0
000806.wav,running_water,12.0,17.0
000807.wav,footsteps,4.0,7.0
000807.wav,cutlery_dishes,7.0,9.0
000807.wav,footsteps,10.0,18.0
000807.wav,keyboard_typing,12.0,13.0
000808.wav,running_water,2.0,10.0
000808.wav,toilet_flushing,3.0,6.0
000808.wav,toilet_flushing,9.0,12.0
000808.wav,vacuum_cleaner,10.0,12.0
000808.wav,running_water,12.0,17.0
000809.wav,footsteps,1.0,4.0
000809.wav,footsteps,5.0,11.0
000847.wav,footsteps,2.0,4.0
000847.wav,wardrobe_drawer_open_close,4.0,5.0
000847.wav,toilet_flushing,7.0,22.0
000847.wav,vacuum_cleaner,8.0,10.0
000847.wav,running_water,11.0,19.0
000847.wav,running_water,21.0,23.0
000847.wav,footsteps,26.0,31.0
000847.wav,door_open_close,28.0,31.0
000848.wav,running_water,4.0,25.0
000848.wav,cutlery_dishes,9.0,12.0
000848.wav,cutlery_dishes,26.0,27.0
000849.wav,footsteps,1.0,4.0
000849.wav,wardrobe_drawer_open_close,4.0,7.0
000849.wav,keychain,9.0,11.0
000849.wav,footsteps,12.0,17.0
000850.wav,keyboard_typing,0.0,6.0
000850.wav,keyboard_typing,10.0,12.0
000850.wav,keyboard_typing,14.0,17.0
000851.wav,footsteps,0.0,1.0
000851.wav,keyboard_typing,6.0,7.0
000851.wav,phone_ringing,9.0,11.0
000851.wav,keyboard_typing,14.0,15.0
000851.wav,keyboard_typing,16.0,18.0
000852.wav,footsteps,4.0,8.0
000852.wav,keyboard_typing,11.0,15.0
000852.wav,keyboard_typing,24.0,27.0
000853.wav,footsteps,3.0,5.0
000853.wav,running_water,11.0,15.0
000853.wav,door_open_close,19.0,20.0
000853.wav,light_switch,22.0,23.0
000854.wav,door_open_close,1.0,2.0
000854.wav,wardrobe_drawer_open_close,1.0,2.0
000854.wav,footsteps,6.0,10.0
000854.wav,keyboard_typing,12.0,17.0
000854.wav,footsteps,19.0,20.0
000854.wav,door_open_close,21.0,25.0
000854.wav,keychain,22.0,25.0
000854.wav,footsteps,24.0,27.0
000854.wav,footsteps,28.0,31.0
000854.wav,wardrobe_drawer_open_close,29.0,31.0
000863.wav,keyboard_typing,4.0,6.0
000863.wav,running_water,9.0,11.0
000863.wav,footsteps,14.0,17.0
000863.wav,wardrobe_drawer_open_close,19.0,21.0
000864.wav,running_water,1.0,3.0
000864.wav,footsteps,4.0,5.0
000865.wav,wardrobe_drawer_open_close,4.0,7.0
000865.wav,footsteps,5.0,10.0
000865.wav,wardrobe_drawer_open_close,8.0,9.0
000865.wav,wardrobe_drawer_open_close,11.0,12.0
000865.wav,footsteps,15.0,18.0
000865.wav,door_open_close,21.0,22.0
000865.wav,wardrobe_drawer_open_close,21.0,22.0
000865.wav,window_open_close,21.0,22.0
000866.wav,footsteps,5.0,7.0
000866.wav,microwave,10.0,23.0
000867.wav,toilet_flushing,3.0,6.0
000867.wav,running_water,5.0,20.0
000867.wav,vacuum_cleaner,6.0,9.0
000867.wav,toilet_flushing,7.0,10.0
000867.wav,vacuum_cleaner,10.0,13.0
000867.wav,vacuum_cleaner,16.0,17.0
000868.wav,microwave,13.0,15.0
000869.wav,running_water,5.0,8.0
000869.wav,cutlery_dishes,10.0,11.0
000869.wav,wardrobe_drawer_open_close,17.0,19.0
000870.wav,wardrobe_drawer_open_close,0.0,1.0
000870.wav,door_open_close,6.0,7.0
000870.wav,wardrobe_drawer_open_close,7.0,9.0
000870.wav,microwave,15.0,16.0
000870.wav,wardrobe_drawer_open_close,17.0,18.0
000871.wav,running_water,12.0,31.0
000871.wav,microwave,27.0,31.0
000872.wav,microwave,5.0,7.0
000872.wav,running_water,8.0,13.0
000872.wav,toilet_flushing,9.0,11.0
000872.wav,cutlery_dishes,18.0,19.0
000872.wav,cutlery_dishes,20.0,24.0
000872.wav,keychain,22.0,23.0
000872.wav,running_water,22.0,23.0
000872.wav,microwave,22.0,30.0
000872.wav,cutlery_dishes,26.0,30.0
000916.wav,keyboard_typing,1.0,20.0
000916.wav,phone_ringing,13.0,20.0
000917.wav,footsteps,1.0,7.0
000918.wav,running_water,5.0,13.0
000918.wav,cutlery_dishes,7.0,12.0
000918.wav,cutlery_dishes,13.0,14.0
000919.wav,door_open_close,0.0,1.0
000919.wav,door_open_close,12.0,14.0
000919.wav,wardrobe_drawer_open_close,18.0,19.0
000920.wav,footsteps,1.0,3.0
000920.wav,footsteps,5.0,6.0
000920.wav,wardrobe_drawer_open_close,11.0,13.0
000920.wav,microwave,12.0,26.0
000921.wav,footsteps,2.0,4.0
000921.wav,footsteps,5.0,11.0
000921.wav,vacuum_cleaner,6.0,8.0
000921.wav,footsteps,18.0,22.0
000921.wav,vacuum_cleaner,20.0,21.0
000922.wav,footsteps,0.0,1.0
000922.wav,door_open_close,1.0,7.0
000922.wav,window_open_close,2.0,4.0
000922.wav,footsteps,7.0,8.0
000922.wav,footsteps,9.0,15.0
000922.wav,footsteps,18.0,19.0
000923.wav,toilet_flushing,3.0,8.0
000923.wav,toilet_flushing,9.0,12.0
000923.wav,window_open_close,15.0,17.0
000923.wav,door_open_close,16.0,17.0
000933.wav,wardrobe_drawer_open_close,0.0,1.0
000933.wav,footsteps,2.0,5.0
000933.wav,door_open_close,5.0,7.0
000933.wav,wardrobe_drawer_open_close,6.0,7.0
000933.wav,footsteps,7.0,10.0
000933.wav,door_open_close,10.0,12.0
000934.wav,wardrobe_drawer_open_close,0.0,1.0
000934.wav,running_water,1.0,19.0
000934.wav,keyboard_typing,18.0,19.0
000935.wav,vacuum_cleaner,0.0,1.0
000935.wav,footsteps,1.0,6.0
000935.wav,footsteps,9.0,10.0
000935.wav,footsteps,12.0,14.0
000935.wav,running_water,14.0,16.0
000935.wav,running_water,17.0,19.0
000936.wav,footsteps,1.0,7.0
000936.wav,door_open_close,16.0,17.0
000937.wav,footsteps,1.0,5.0
000937.wav,microwave,5.0,6.0
000937.wav,microwave,7.0,9.0
000937.wav,keychain,11.0,13.0
000937.wav,door_open_close,14.0,16.0
000937.wav,wardrobe_drawer_open_close,15.0,16.0
000938.wav,wardrobe_drawer_open_close,0.0,1.0
000938.wav,footsteps,1.0,5.0
000938.wav,footsteps,7.0,9.0
000938.wav,keyboard_typing,18.0,27.0
000939.wav,wardrobe_drawer_open_close,1.0,4.0
000939.wav,toilet_flushing,6.0,10.0
000939.wav,running_water,8.0,21.0
000939.wav,microwave,11.0,21.0
000940.wav,footsteps,1.0,3.0
000940.wav,cutlery_dishes,9.0,10.0
000940.wav,wardrobe_drawer_open_close,9.0,11.0
000940.wav,footsteps,16.0,17.0
000941.wav,phone_ringing,0.0,8.0
000941.wav,keyboard_typing,5.0,7.0
000941.wav,keychain,8.0,19.0
000941.wav,keyboard_typing,10.0,18.0
000941.wav,phone_ringing,10.0,19.0
000942.wav,running_water,1.0,3.0
000942.wav,cutlery_dishes,2.0,4.0
000942.wav,running_water,7.0,19.0
000943.wav,keychain,9.0,11.0
000943.wav,bell_ringing,13.0,15.0
000943.wav,wardrobe_drawer_open_close,16.0,18.0
000943.wav,wardrobe_drawer_open_close,22.0,23.0
000944.wav,vacuum_cleaner,0.0,4.0
000944.wav,toilet_flushing,1.0,4.0
000944.wav,running_water,1.0,5.0
000944.wav,microwave,5.0,16.0
000944.wav,phone_ringing,8.0,11.0
000945.wav,cutlery_dishes,0.0,7.0
000945.wav,toilet_flushing,18.0,29.0
000945.wav,running_water,19.0,29.0
000946.wav,footsteps,4.0,6.0
000946.wav,keychain,7.0,15.0
000947.wav,running_water,0.0,1.0
000947.wav,bell_ringing,0.0,2.0
000947.wav,keyboard_typing,6.0,7.0
000947.wav,vacuum_cleaner,9.0,29.0
000947.wav,phone_ringing,21.0,24.0
000947.wav,phone_ringing,27.0,33.0
000947.wav,bell_ringing,32.0,33.0
000948.wav,keychain,4.0,9.0
000948.wav,vacuum_cleaner,10.0,12.0
000948.wav,running_water,11.0,15.0
000948.wav,microwave,16.0,24.0
000949.wav,vacuum_cleaner,1.0,8.0
000949.wav,cutlery_dishes,8.0,15.0
000949.wav,footsteps,16.0,19.0
000949.wav,cutlery_dishes,23.0,25.0
000949.wav,running_water,23.0,34.0
000949.wav,toilet_flushing,24.0,31.0
000950.wav,cutlery_dishes,2.0,5.0
000950.wav,wardrobe_drawer_open_close,5.0,6.0
000950.wav,keyboard_typing,12.0,18.0
000994.wav,microwave,9.0,11.0
000994.wav,keyboard_typing,11.0,13.0
000994.wav,cutlery_dishes,13.0,15.0
000994.wav,keyboard_typing,14.0,16.0
000995.wav,coffee_machine,1.0,7.0
000995.wav,microwave,3.0,8.0
000995.wav,keyboard_typing,7.0,11.0
000995.wav,coffee_machine,11.0,15.0
000995.wav,keyboard_typing,13.0,15.0
000995.wav,toilet_flushing,15.0,17.0
000995.wav,coffee_machine,19.0,20.0
000995.wav,microwave,19.0,21.0
000995.wav,microwave,23.0,24.0
000996.wav,cutlery_dishes,1.0,5.0
000996.wav,keyboard_typing,7.0,12.0
000996.wav,microwave,18.0,19.0
000997.wav,footsteps,4.0,7.0
000997.wav,light_switch,11.0,12.0
000998.wav,microwave,2.0,5.0
000998.wav,toilet_flushing,4.0,15.0
000998.wav,running_water,6.0,10.0
000998.wav,running_water,13.0,17.0
000998.wav,cutlery_dishes,15.0,17.0
000999.wav,keyboard_typing,6.0,7.0
001000.wav,keyboard_typing,4.0,6.0
001001.wav,keyboard_typing,2.0,7.0
001001.wav,light_switch,11.0,13.0
001002.wav,running_water,5.0,6.0
001002.wav,running_water,9.0,11.0
001003.wav,light_switch,1.0,3.0
001003.wav,cutlery_dishes,1.0,7.0
001003.wav,microwave,9.0,11.0
001003.wav,microwave,13.0,18.0
001003.wav,running_water,18.0,20.0
001003.wav,microwave,21.0,28.0
001003.wav,cutlery_dishes,23.0,26.0
001005.wav,running_water,1.0,28.0
001005.wav,cutlery_dishes,5.0,10.0
001005.wav,cutlery_dishes,11.0,14.0
001005.wav,cutlery_dishes,16.0,18.0
001005.wav,cutlery_dishes,21.0,28.0
001006.wav,footsteps,2.0,13.0
001006.wav,running_water,3.0,5.0
001006.wav,door_open_close,9.0,10.0
001006.wav,cutlery_dishes,23.0,24.0
001006.wav,toilet_flushing,23.0,28.0
001007.wav,footsteps,9.0,10.0
001008.wav,light_switch,3.0,5.0
001008.wav,keyboard_typing,5.0,6.0
001008.wav,door_open_close,11.0,13.0
001008.wav,keychain,13.0,14.0
001008.wav,door_open_close,16.0,18.0
001008.wav,keychain,16.0,18.0
001009.wav,footsteps,6.0,7.0
001009.wav,light_switch,9.0,10.0
001010.wav,vacuum_cleaner,1.0,21.0
001010.wav,running_water,2.0,5.0
001010.wav,cutlery_dishes,4.0,7.0
001010.wav,running_water,7.0,15.0
001010.wav,toilet_flushing,14.0,16.0
001010.wav,cutlery_dishes,19.0,21.0
001010.wav,running_water,19.0,22.0
001010.wav,microwave,22.0,24.0
001126.wav,keyboard_typing,2.0,4.0
001126.wav,keyboard_typing,13.0,19.0
001127.wav,keychain,1.0,5.0
001127.wav,footsteps,6.0,8.0
001127.wav,keychain,11.0,16.0
001127.wav,footsteps,16.0,20.0
001127.wav,keychain,19.0,23.0
001127.wav,footsteps,24.0,25.0
001128.wav,footsteps,1.0,4.0
001128.wav,footsteps,5.0,7.0
001128.wav,keyboard_typing,7.0,9.0
001128.wav,footsteps,8.0,10.0
001128.wav,phone_ringing,15.0,20.0
001129.wav,footsteps,3.0,11.0
001129.wav,keyboard_typing,5.0,7.0
001129.wav,microwave,13.0,16.0
001129.wav,footsteps,16.0,19.0
001129.wav,microwave,18.0,21.0
001130.wav,keychain,2.0,3.0
001130.wav,bell_ringing,13.0,16.0
001130.wav,keyboard_typing,13.0,16.0
001130.wav,phone_ringing,13.0,17.0
001130.wav,footsteps,17.0,20.0
001131.wav,footsteps,1.0,9.0
001131.wav,keyboard_typing,5.0,7.0
001131.wav,toilet_flushing,10.0,17.0
001131.wav,running_water,11.0,16.0
001131.wav,running_water,17.0,20.0
001132.wav,running_water,3.0,17.0
001132.wav,cutlery_dishes,7.0,16.0
001133.wav,keyboard_typing,6.0,10.0
001133.wav,keyboard_typing,12.0,14.0
001133.wav,wardrobe_drawer_open_close,18.0,20.0
001133.wav,microwave,21.0,23.0
001134.wav,cutlery_dishes,5.0,7.0
001134.wav,keychain,5.0,7.0
001134.wav,microwave,14.0,26.0
001135.wav,footsteps,5.0,8.0
001135.wav,footsteps,13.0,17.0
001135.wav,microwave,19.0,22.0
001136.wav,door_open_close,2.0,4.0
001136.wav,footsteps,4.0,19.0
001136.wav,keyboard_typing,21.0,28.0
001137.wav,keyboard_typing,1.0,7.0
001137.wav,phone_ringing,7.0,9.0
001137.wav,footsteps,9.0,12.0
001137.wav,footsteps,14.0,17.0
001137.wav,wardrobe_drawer_open_close,15.0,19.0
001138.wav,footsteps,2.0,8.0
001138.wav,door_open_close,17.0,18.0
001138.wav,wardrobe_drawer_open_close,17.0,18.0
001139.wav,wardrobe_drawer_open_close,0.0,1.0
001139.wav,footsteps,0.0,9.0
001139.wav,running_water,10.0,14.0
001139.wav,running_water,18.0,23.0
001139.wav,toilet_flushing,19.0,21.0
001139.wav,vacuum_cleaner,20.0,22.0
001140.wav,door_open_close,23.0,24.0
001140.wav,microwave,24.0,25.0
001141.wav,vacuum_cleaner,2.0,5.0
001141.wav,vacuum_cleaner,8.0,11.0
001141.wav,running_water,10.0,15.0
001141.wav,running_water,17.0,19.0
001141.wav,vacuum_cleaner,18.0,26.0
001141.wav,phone_ringing,20.0,23.0
001141.wav,toilet_flushing,23.0,25.0
001141.wav,phone_ringing,25.0,33.0
001141.wav,bell_ringing,31.0,33.0
001142.wav,microwave,1.0,21.0
001142.wav,running_water,6.0,27.0
001142.wav,microwave,23.0,31.0
001143.wav,running_water,4.0,27.0
001143.wav,phone_ringing,11.0,25.0
001143.wav,vacuum_cleaner,16.0,18.0
001144.wav,running_water,7.0,10.0
001144.wav,footsteps,18.0,20.0
001145.wav,footsteps,3.0,5.0
001145.wav,footsteps,8.0,9.0
001145.wav,keyboard_typing,11.0,16.0
001146.wav,toilet_flushing,2.0,7.0
001146.wav,running_water,3.0,6.0
001146.wav,footsteps,9.0,11.0
001146.wav,running_water,13.0,22.0
001147.wav,running_water,4.0,5.0
001147.wav,running_water,7.0,9.0
001147.wav,vacuum_cleaner,14.0,24.0
001148.wav,bell_ringing,7.0,10.0
001148.wav,footsteps,12.0,14.0
001148.wav,keychain,15.0,19.0
001148.wav,keyboard_typing,19.0,21.0
001149.wav,microwave,0.0,2.0
001149.wav,running_water,1.0,13.0
001149.wav,cutlery_dishes,9.0,10.0
001149.wav,microwave,14.0,19.0
001149.wav,bell_ringing,18.0,20.0
001150.wav,running_water,5.0,6.0
001150.wav,footsteps,11.0,12.0
001150.wav,footsteps,13.0,14.0
001150.wav,footsteps,15.0,18.0
001151.wav,keyboard_typing,0.0,3.0
001151.wav,keyboard_typing,10.0,20.0
001151.wav,phone_ringing,19.0,26.0
001172.wav,running_water,9.0,13.0
001172.wav,cutlery_dishes,14.0,16.0
001172.wav,running_water,17.0,28.0
001173.wav,cutlery_dishes,1.0,2.0
001173.wav,cutlery_dishes,8.0,10.0
001173.wav,running_water,11.0,12.0
001173.wav,running_water,14.0,19.0
001173.wav,cutlery_dishes,17.0,21.0
001173.wav,vacuum_cleaner,18.0,20.0
001173.wav,cutlery_dishes,32.0,33.0
001173.wav,vacuum_cleaner,32.0,33.0
001174.wav,phone_ringing,24.0,27.0
001174.wav,cutlery_dishes,25.0,27.0
001174.wav,phone_ringing,29.0,30.0
001175.wav,running_water,8.0,10.0
001175.wav,cutlery_dishes,22.0,23.0
001176.wav,keychain,0.0,1.0
001176.wav,vacuum_cleaner,2.0,4.0
001176.wav,keychain,4.0,8.0
001176.wav,cutlery_dishes,16.0,18.0
001177.wav,footsteps,8.0,11.0
001177.wav,cutlery_dishes,14.0,16.0
001177.wav,footsteps,15.0,16.0
001177.wav,footsteps,17.0,19.0
001177.wav,phone_ringing,20.0,23.0
001177.wav,phone_ringing,25.0,26.0
001178.wav,bell_ringing,0.0,6.0
001178.wav,cutlery_dishes,10.0,11.0
001178.wav,keychain,10.0,19.0
001179.wav,cutlery_dishes,10.0,11.0
001179.wav,vacuum_cleaner,10.0,15.0
001179.wav,toilet_flushing,14.0,16.0
001179.wav,running_water,22.0,23.0
001180.wav,vacuum_cleaner,4.0,6.0
001180.wav,cutlery_dishes,5.0,32.0
001180.wav,vacuum_cleaner,9.0,10.0
001180.wav,running_water,9.0,23.0
001180.wav,vacuum_cleaner,13.0,22.0
001180.wav,running_water,24.0,25.0
001180.wav,running_water,26.0,30.0
001180.wav,vacuum_cleaner,26.0,31.0
001181.wav,phone_ringing,0.0,3.0
001181.wav,running_water,2.0,4.0
001181.wav,cutlery_dishes,2.0,6.0
001181.wav,keychain,2.0,6.0
001181.wav,phone_ringing,6.0,14.0
001181.wav,running_water,8.0,9.0
001181.wav,keychain,9.0,11.0
001181.wav,running_water,12.0,14.0
001181.wav,keychain,14.0,19.0
001181.wav,cutlery_dishes,15.0,16.0
001181.wav,phone_ringing,18.0,22.0
001181.wav,keychain,21.0,22.0
001192.wav,footsteps,0.0,1.0
001192.wav,running_water,7.0,10.0
001192.wav,door_open_close,19.0,20.0
001193.wav,running_water,3.0,5.0
001193.wav,footsteps,6.0,10.0
001193.wav,running_water,10.0,16.0
001193.wav,footsteps,16.0,17.0
001193.wav,wardrobe_drawer_open_close,16.0,17.0
001194.wav,keyboard_typing,2.0,13.0
001194.wav,phone_ringing,10.0,13.0
001194.wav,keyboard_typing,16.0,21.0
001194.wav,footsteps,19.0,21.0
001195.wav,keychain,4.0,5.0
001195.wav,footsteps,9.0,10.0
001195.wav,footsteps,12.0,14.0
001195.wav,light_switch,17.0,19.0
001196.wav,footsteps,1.0,4.0
001196.wav,wardrobe_drawer_open_close,5.0,6.0
001196.wav,footsteps,6.0,8.0
001196.wav,footsteps,9.0,11.0
001196.wav,cutlery_dishes,14.0,16.0
001197.wav,footsteps,1.0,4.0
001197.wav,phone_ringing,4.0,8.0
001197.wav,bell_ringing,6.0,7.0
001197.wav,footsteps,9.0,14.0
001197.wav,door_open_close,14.0,16.0
001197.wav,footsteps,20.0,22.0
001198.wav,microwave,3.0,16.0
001198.wav,cutlery_dishes,11.0,13.0
001198.wav,running_water,11.0,13.0
001199.wav,footsteps,0.0,4.0
001199.wav,door_open_close,3.0,5.0
001199.wav,vacuum_cleaner,8.0,12.0
001199.wav,cutlery_dishes,16.0,18.0
001216.wav,keyboard_typing,1.0,3.0
001216.wav,keyboard_typing,5.0,18.0
001216.wav,window_open_close,21.0,23.0
001217.wav,door_open_close,1.0,2.0
001217.wav,running_water,7.0,20.0
001217.wav,footsteps,24.0,26.0
001217.wav,door_open_close,26.0,27.0
001217.wav,wardrobe_drawer_open_close,26.0,27.0
001218.wav,door_open_close,2.0,7.0
001218.wav,microwave,3.0,4.0
001218.wav,door_open_close,8.0,10.0
001218.wav,keychain,12.0,15.0
001218.wav,footsteps,13.0,15.0
001219.wav,wardrobe_drawer_open_close,4.0,5.0
001219.wav,door_open_close,7.0,9.0
001219.wav,keychain,8.0,11.0
001219.wav,door_open_close,12.0,13.0
001219.wav,door_open_close,16.0,17.0
001219.wav,wardrobe_drawer_open_close,24.0,26.0
001219.wav,microwave,26.0,27.0
001220.wav,keyboard_typing,9.0,18.0
001220.wav,phone_ringing,18.0,19.0
001220.wav,keyboard_typing,19.0,29.0
001220.wav,phone_ringing,21.0,24.0
001220.wav,phone_ringing,25.0,28.0
001221.wav,keyboard_typing,1.0,12.0
001221.wav,phone_ringing,16.0,18.0
001221.wav,keyboard_typing,17.0,19.0
001221.wav,keyboard_typing,22.0,23.0
001222.wav,door_open_close,0.0,1.0
001222.wav,coffee_machine,1.0,3.0
001222.wav,microwave,1.0,6.0
001222.wav,running_water,3.0,21.0
001222.wav,microwave,8.0,12.0
001222.wav,cutlery_dishes,12.0,15.0
001222.wav,microwave,14.0,18.0
001222.wav,cutlery_dishes,17.0,21.0
001222.wav,microwave,19.0,20.0
001222.wav,vacuum_cleaner,23.0,24.0
001222.wav,running_water,23.0,26.0
001222.wav,microwave,24.0,26.0
001223.wav,door_open_close,0.0,9.0
001223.wav,keychain,3.0,4.0
001223.wav,running_water,10.0,16.0
001223.wav,toilet_flushing,19.0,24.0
001223.wav,running_water,20.0,24.0
001224.wav,phone_ringing,0.0,1.0
001224.wav,running_water,2.0,26.0
001224.wav,phone_ringing,4.0,10.0
001224.wav,vacuum_cleaner,5.0,9.0
001224.wav,phone_ringing,16.0,25.0
001224.wav,vacuum_cleaner,20.0,23.0
001225.wav,running_water,0.0,34.0
001225.wav,cutlery_dishes,4.0,8.0
001225.wav,toilet_flushing,7.0,10.0
001225.wav,cutlery_dishes,13.0,18.0
001246.wav,light_switch,0.0,1.0
001246.wav,running_water,3.0,13.0
001246.wav,footsteps,15.0,17.0
001246.wav,footsteps,20.0,22.0
001246.wav,running_water,23.0,25.0
001246.wav,toilet_flushing,23.0,26.0
001246.wav,light_switch,33.0,34.0
001247.wav,footsteps,1.0,4.0
001247.wav,footsteps,6.0,8.0
001247.wav,footsteps,15.0,20.0
001248.wav,cutlery_dishes,0.0,2.0
001248.wav,cutlery_dishes,4.0,9.0
001248.wav,microwave,9.0,10.0
001248.wav,wardrobe_drawer_open_close,10.0,12.0
001248.wav,microwave,11.0,31.0
001248.wav,running_water,15.0,17.0
001248.wav,cutlery_dishes,17.0,22.0
001248.wav,running_water,19.0,21.0
001248.wav,cutlery_dishes,28.0,31.0
001248.wav,cutlery_dishes,34.0,35.0
001249.wav,footsteps,1.0,3.0
001249.wav,footsteps,5.0,9.0
001249.wav,cutlery_dishes,12.0,19.0
001249.wav,phone_ringing,20.0,22.0
001249.wav,running_water,21.0,23.0
001249.wav,running_water,25.0,26.0
001249.wav,phone_ringing,26.0,28.0
001249.wav,phone_ringing,31.0,32.0
001250.wav,keychain,2.0,5.0
001250.wav,keychain,16.0,18.0
001250.wav,keychain,23.0,24.0
001251.wav,phone_ringing,1.0,3.0
001251.wav,footsteps,8.0,18.0
001251.wav,keyboard_typing,21.0,25.0
001252.wav,footsteps,0.0,1.0
001252.wav,microwave,2.0,4.0
001252.wav,footsteps,6.0,7.0
001252.wav,footsteps,9.0,13.0
001252.wav,wardrobe_drawer_open_close,12.0,14.0
001252.wav,keyboard_typing,18.0,19.0
001252.wav,footsteps,18.0,22.0
001253.wav,footsteps,0.0,5.0
001253.wav,footsteps,17.0,19.0
001254.wav,vacuum_cleaner,7.0,22.0
001254.wav,bell_ringing,17.0,19.0
001254.wav,footsteps,32.0,34.0
001255.wav,footsteps,0.0,1.0
001255.wav,microwave,5.0,9.0
001255.wav,running_water,6.0,9.0
001255.wav,microwave,11.0,25.0
001255.wav,running_water,14.0,29.0
001255.wav,cutlery_dishes,21.0,23.0
001255.wav,microwave,28.0,32.0
001255.wav,cutlery_dishes,31.0,32.0
001255.wav,keychain,31.0,32.0
001256.wav,footsteps,7.0,10.0
001256.wav,keychain,10.0,12.0
001256.wav,footsteps,11.0,14.0
001256.wav,light_switch,17.0,18.0
001256.wav,cutlery_dishes,21.0,22.0
001257.wav,phone_ringing,1.0,10.0
001257.wav,vacuum_cleaner,1.0,13.0
001257.wav,coffee_machine,4.0,6.0
001257.wav,cutlery_dishes,12.0,13.0
001257.wav,phone_ringing,12.0,14.0
001257.wav,keyboard_typing,18.0,20.0
001257.wav,phone_ringing,21.0,25.0
001257.wav,vacuum_cleaner,21.0,25.0
001258.wav,keyboard_typing,6.0,17.0
001258.wav,footsteps,23.0,25.0
001259.wav,toilet_flushing,2.0,4.0
001259.wav,running_water,9.0,12.0
001259.wav,keyboard_typing,17.0,20.0
001260.wav,phone_ringing,18.0,20.0
001260.wav,microwave,21.0,24.0
001261.wav,keyboard_typing,0.0,1.0
001261.wav,phone_ringing,9.0,10.0
001261.wav,bell_ringing,9.0,12.0
001261.wav,running_water,10.0,13.0
001261.wav,phone_ringing,11.0,15.0
001263.wav,keyboard_typing,0.0,1.0
001263.wav,door_open_close,1.0,3.0
001263.wav,footsteps,1.0,4.0
001263.wav,keyboard_typing,3.0,4.0
001263.wav,cutlery_dishes,4.0,5.0
001263.wav,microwave,4.0,6.0
001263.wav,microwave,17.0,22.0
001264.wav,keyboard_typing,2.0,13.0
001264.wav,footsteps,14.0,16.0
001264.wav,keyboard_typing,15.0,23.0
001265.wav,running_water,1.0,21.0
001265.wav,cutlery_dishes,9.0,11.0
001265.wav,footsteps,9.0,11.0
001265.wav,footsteps,14.0,16.0
001265.wav,phone_ringing,17.0,19.0
001284.wav,footsteps,0.0,1.0
001284.wav,toilet_flushing,26.0,29.0
001284.wav,running_water,26.0,31.0
001284.wav,vacuum_cleaner,26.0,31.0
001286.wav,keychain,2.0,5.0
001286.wav,keyboard_typing,3.0,12.0
001286.wav,door_open_close,6.0,8.0
001286.wav,keychain,6.0,9.0
001286.wav,cutlery_dishes,9.0,12.0
001286.wav,keychain,10.0,11.0
001286.wav,keyboard_typing,19.0,20.0
001287.wav,running_water,5.0,14.0
001287.wav,cutlery_dishes,6.0,8.0
001287.wav,toilet_flushing,8.0,13.0
001287.wav,running_water,18.0,33.0
001287.wav,phone_ringing,19.0,20.0
001287.wav,toilet_flushing,21.0,23.0
001287.wav,toilet_flushing,25.0,29.0
001287.wav,cutlery_dishes,30.0,32.0
001287.wav,wardrobe_drawer_open_close,35.0,36.0
001288.wav,running_water,3.0,7.0
001288.wav,toilet_flushing,4.0,6.0
001288.wav,wardrobe_drawer_open_close,7.0,9.0
001288.wav,running_water,10.0,25.0
001288.wav,wardrobe_drawer_open_close,32.0,37.0
001288.wav,microwave,34.0,36.0
001289.wav,running_water,6.0,11.0
001289.wav,toilet_flushing,8.0,10.0
001290.wav,microwave,0.0,1.0
001290.wav,toilet_flushing,1.0,4.0
001290.wav,running_water,1.0,21.0
001290.wav,toilet_flushing,6.0,7.0
001292.wav,footsteps,3.0,4.0
001293.wav,keyboard_typing,2.0,6.0
001293.wav,keyboard_typing,11.0,13.0
001293.wav,keyboard_typing,21.0,23.0
001320.wav,footsteps,2.0,5.0
001320.wav,footsteps,8.0,10.0
001320.wav,footsteps,14.0,15.0
001321.wav,footsteps,4.0,6.0
001321.wav,footsteps,13.0,15.0
001321.wav,light_switch,16.0,19.0
001321.wav,vacuum_cleaner,21.0,34.0
001322.wav,running_water,7.0,9.0
001323.wav,footsteps,2.0,5.0
001323.wav,door_open_close,6.0,7.0
001323.wav,door_open_close,8.0,9.0
001323.wav,phone_ringing,12.0,18.0
001323.wav,door_open_close,14.0,16.0
001324.wav,keyboard_typing,2.0,12.0
001324.wav,footsteps,13.0,15.0
001324.wav,wardrobe_drawer_open_close,14.0,17.0
001324.wav,door_open_close,15.0,17.0
001324.wav,door_open_close,20.0,21.0
001324.wav,keyboard_typing,21.0,23.0
001325.wav,footsteps,5.0,6.0
001325.wav,footsteps,9.0,11.0
001325.wav,running_water,16.0,19.0
001325.wav,footsteps,24.0,26.0
001325.wav,footsteps,31.0,33.0
001326.wav,microwave,0.0,3.0
001326.wav,wardrobe_drawer_open_close,1.0,2.0
001326.wav,microwave,5.0,8.0
001326.wav,running_water,8.0,22.0
001326.wav,microwave,15.0,21.0
001326.wav,running_water,23.0,27.0
001326.wav,vacuum_cleaner,24.0,25.0
001327.wav,footsteps,0.0,7.0
001327.wav,footsteps,13.0,18.0
001327.wav,footsteps,19.0,20.0
001327.wav,footsteps,24.0,25.0
001327.wav,microwave,26.0,27.0
001328.wav,footsteps,0.0,2.0
001328.wav,footsteps,5.0,6.0
001328.wav,footsteps,7.0,8.0
001328.wav,window_open_close,7.0,9.0
001328.wav,door_open_close,11.0,13.0
001328.wav,footsteps,12.0,16.0
001328.wav,footsteps,18.0,20.0
001347.wav,toilet_flushing,4.0,8.0
001347.wav,running_water,9.0,14.0
001347.wav,microwave,14.0,17.0
001347.wav,running_water,17.0,20.0
001347.wav,door_open_close,24.0,26.0
001347.wav,microwave,24.0,26.0
001347.wav,cutlery_dishes,25.0,26.0
001348.wav,footsteps,0.0,2.0
001348.wav,keyboard_typing,2.0,11.0
001348.wav,door_open_close,6.0,7.0
001348.wav,keyboard_typing,12.0,14.0
001348.wav,door_open_close,14.0,16.0
001348.wav,keyboard_typing,17.0,20.0
001349.wav,running_water,1.0,30.0
001350.wav,coffee_machine,0.0,24.0
001350.wav,microwave,16.0,20.0
001351.wav,door_open_close,3.0,4.0
001351.wav,microwave,5.0,27.0
001351.wav,cutlery_dishes,24.0,28.0
001351.wav,footsteps,28.0,29.0
001352.wav,bell_ringing,6.0,15.0
001352.wav,door_open_close,9.0,10.0
001352.wav,door_open_close,12.0,16.0
001352.wav,door_open_close,19.0,20.0
001353.wav,footsteps,0.0,1.0
001353.wav,keyboard_typing,1.0,3.0
001353.wav,keyboard_typing,5.0,10.0
001353.wav,footsteps,12.0,17.0
001354.wav,wardrobe_drawer_open_close,0.0,2.0
001354.wav,footsteps,0.0,4.0
001354.wav,running_water,4.0,7.0
001354.wav,keychain,5.0,9.0
001354.wav,footsteps,10.0,12.0
001354.wav,door_open_close,10.0,16.0
001354.wav,keychain,13.0,15.0
001354.wav,footsteps,14.0,16.0
001355.wav,bell_ringing,1.0,8.0
001355.wav,phone_ringing,7.0,8.0
001355.wav,running_water,7.0,9.0
001355.wav,cutlery_dishes,8.0,11.0
001355.wav,coffee_machine,9.0,10.0
001355.wav,bell_ringing,9.0,13.0
001355.wav,cutlery_dishes,13.0,15.0
001355.wav,running_water,13.0,15.0
001355.wav,wardrobe_drawer_open_close,14.0,15.0
001355.wav,footsteps,16.0,17.0
001355.wav,wardrobe_drawer_open_close,17.0,20.0
001355.wav,running_water,18.0,19.0
001355.wav,cutlery_dishes,18.0,20.0
001355.wav,microwave,25.0,29.0
001355.wav,running_water,26.0,29.0
001355.wav,wardrobe_drawer_open_close,26.0,30.0
001355.wav,cutlery_dishes,26.0,35.0
001355.wav,keyboard_typing,29.0,30.0
001355.wav,running_water,31.0,35.0
001355.wav,phone_ringing,32.0,34.0
001356.wav,footsteps,0.0,1.0
001356.wav,microwave,1.0,3.0
001356.wav,wardrobe_drawer_open_close,3.0,5.0
001356.wav,keyboard_typing,8.0,12.0
001356.wav,running_water,8.0,12.0
001356.wav,microwave,8.0,18.0
001356.wav,wardrobe_drawer_open_close,10.0,11.0
001356.wav,keyboard_typing,13.0,18.0
001356.wav,bell_ringing,14.0,17.0
001356.wav,window_open_close,14.0,18.0
001356.wav,window_open_close,20.0,21.0
001356.wav,coffee_machine,21.0,23.0
001356.wav,microwave,21.0,25.0
001356.wav,bell_ringing,21.0,26.0
001356.wav,keyboard_typing,23.0,26.0
001356.wav,wardrobe_drawer_open_close,24.0,26.0
001356.wav,window_open_close,25.0,26.0
001357.wav,footsteps,3.0,5.0
001357.wav,window_open_close,3.0,6.0
001357.wav,door_open_close,4.0,6.0
001357.wav,wardrobe_drawer_open_close,4.0,10.0
001357.wav,bell_ringing,6.0,9.0
001357.wav,microwave,6.0,25.0
001357.wav,keyboard_typing,7.0,8.0
001357.wav,cutlery_dishes,8.0,10.0
001357.wav,bell_ringing,10.0,11.0
001357.wav,keyboard_typing,11.0,32.0
001357.wav,bell_ringing,13.0,16.0
001357.wav,wardrobe_drawer_open_close,13.0,22.0
001357.wav,window_open_close,17.0,19.0
001357.wav,bell_ringing,22.0,25.0
001357.wav,wardrobe_drawer_open_close,26.0,37.0
001357.wav,microwave,28.0,37.0
001357.wav,keyboard_typing,34.0,36.0
001357.wav,bell_ringing,35.0,37.0
001358.wav,footsteps,2.0,4.0
001358.wav,window_open_close,6.0,12.0
001358.wav,footsteps,7.0,8.0
001358.wav,wardrobe_drawer_open_close,8.0,15.0
001358.wav,running_water,9.0,10.0
001358.wav,running_water,11.0,12.0
001358.wav,window_open_close,13.0,14.0
001358.wav,keyboard_typing,14.0,17.0
001358.wav,window_open_close,15.0,17.0
001359.wav,footsteps,1.0,3.0
001359.wav,door_open_close,2.0,4.0
001359.wav,footsteps,4.0,10.0
001359.wav,footsteps,12.0,13.0
001359.wav,running_water,15.0,18.0
001360.wav,bell_ringing,0.0,8.0
001360.wav,footsteps,6.0,7.0
001360.wav,door_open_close,8.0,10.0
001360.wav,footsteps,9.0,10.0
001360.wav,footsteps,12.0,13.0
001360.wav,footsteps,14.0,15.0
001360.wav,door_open_close,16.0,18.0
001360.wav,footsteps,16.0,20.0
001360.wav,cutlery_dishes,19.0,20.0
001360.wav,light_switch,19.0,20.0
001361.wav,wardrobe_drawer_open_close,0.0,1.0
001361.wav,footsteps,0.0,24.0
001361.wav,microwave,12.0,14.0
001362.wav,footsteps,0.0,4.0
001362.wav,footsteps,10.0,13.0
001362.wav,microwave,15.0,17.0
001362.wav,footsteps,20.0,22.0
001362.wav,footsteps,25.0,29.0
001520.wav,keyboard_typing,0.0,8.0
001520.wav,phone_ringing,18.0,19.0
001520.wav,footsteps,23.0,25.0
001520.wav,wardrobe_drawer_open_close,25.0,26.0
001521.wav,running_water,2.0,12.0
001521.wav,cutlery_dishes,14.0,18.0
001521.wav,cutlery_dishes,20.0,21.0
001521.wav,phone_ringing,20.0,21.0
001522.wav,toilet_flushing,5.0,9.0
001522.wav,running_water,5.0,11.0
001522.wav,running_water,12.0,19.0
001522.wav,toilet_flushing,14.0,19.0
001523.wav,door_open_close,0.0,1.0
001523.wav,bell_ringing,0.0,7.0
001523.wav,vacuum_cleaner,0.0,8.0
001523.wav,phone_ringing,3.0,5.0
001523.wav,running_water,3.0,5.0
001523.wav,toilet_flushing,4.0,5.0
001523.wav,keychain,10.0,15.0
001524.wav,footsteps,3.0,10.0
001524.wav,cutlery_dishes,10.0,11.0
001524.wav,wardrobe_drawer_open_close,16.0,17.0
001524.wav,coffee_machine,18.0,27.0
001524.wav,cutlery_dishes,30.0,34.0
001525.wav,keyboard_typing,1.0,7.0
001525.wav,footsteps,11.0,17.0
001525.wav,microwave,18.0,25.0
001525.wav,cutlery_dishes,32.0,33.0
001525.wav,phone_ringing,32.0,33.0
001526.wav,footsteps,8.0,12.0
001526.wav,footsteps,20.0,23.0
001526.wav,door_open_close,26.0,27.0
001527.wav,running_water,1.0,15.0
001527.wav,footsteps,15.0,22.0
001527.wav,door_open_close,23.0,25.0
001528.wav,door_open_close,0.0,1.0
001528.wav,coffee_machine,4.0,21.0
001528.wav,microwave,5.0,8.0
001528.wav,cutlery_dishes,22.0,25.0
001617.wav,footsteps,1.0,3.0
001617.wav,door_open_close,11.0,13.0
001617.wav,footsteps,17.0,19.0
001617.wav,wardrobe_drawer_open_close,24.0,26.0
001617.wav,keyboard_typing,29.0,34.0
001618.wav,cutlery_dishes,3.0,5.0
001618.wav,wardrobe_drawer_open_close,5.0,6.0
001618.wav,cutlery_dishes,7.0,9.0
001618.wav,cutlery_dishes,12.0,14.0
001618.wav,running_water,12.0,23.0
001618.wav,cutlery_dishes,16.0,17.0
001618.wav,cutlery_dishes,19.0,22.0
001619.wav,footsteps,2.0,6.0
001619.wav,footsteps,8.0,10.0
001619.wav,footsteps,12.0,16.0
001619.wav,footsteps,17.0,21.0
001620.wav,footsteps,3.0,6.0
001620.wav,running_water,7.0,15.0
001621.wav,footsteps,13.0,14.0
001621.wav,footsteps,18.0,21.0
001621.wav,door_open_close,20.0,22.0
001621.wav,footsteps,22.0,25.0
001622.wav,toilet_flushing,1.0,8.0
001622.wav,running_water,1.0,16.0
001622.wav,running_water,19.0,26.0
001622.wav,footsteps,25.0,31.0
001623.wav,keyboard_typing,9.0,12.0
001623.wav,keyboard_typing,14.0,26.0
001623.wav,phone_ringing,15.0,18.0
001623.wav,phone_ringing,20.0,22.0
001623.wav,phone_ringing,24.0,27.0
001624.wav,wardrobe_drawer_open_close,2.0,5.0
001625.wav,running_water,1.0,24.0
001625.wav,cutlery_dishes,4.0,7.0
001625.wav,cutlery_dishes,8.0,14.0
001625.wav,cutlery_dishes,20.0,22.0
001626.wav,keychain,4.0,6.0
001626.wav,running_water,9.0,12.0
001626.wav,phone_ringing,11.0,19.0
001626.wav,running_water,13.0,15.0
001626.wav,footsteps,18.0,20.0
001738.wav,bell_ringing,1.0,6.0
001739.wav,vacuum_cleaner,10.0,12.0
001740.wav,keychain,1.0,3.0
001740.wav,keyboard_typing,1.0,6.0
001740.wav,keychain,4.0,6.0
001740.wav,phone_ringing,11.0,17.0
001740.wav,keyboard_typing,14.0,16.0
001740.wav,keyboard_typing,21.0,22.0
001740.wav,keychain,21.0,22.0
001741.wav,keyboard_typing,4.0,6.0
001741.wav,keyboard_typing,14.0,16.0
001742.wav,keychain,0.0,3.0
001742.wav,keychain,5.0,9.0
001742.wav,footsteps,10.0,11.0
001742.wav,footsteps,14.0,17.0
001743.wav,footsteps,12.0,13.0
001744.wav,keyboard_typing,0.0,2.0
001744.wav,keychain,0.0,2.0
001744.wav,keychain,4.0,9.0
001744.wav,keyboard_typing,6.0,7.0
001745.wav,cutlery_dishes,15.0,17.0
001745.wav,toilet_flushing,19.0,21.0
001914.wav,phone_ringing,7.0,20.0
001914.wav,phone_ringing,21.0,24.0
001915.wav,footsteps,17.0,22.0
001915.wav,bell_ringing,21.0,23.0
001915.wav,footsteps,26.0,29.0
001916.wav,footsteps,2.0,4.0
001916.wav,door_open_close,7.0,9.0
001916.wav,footsteps,8.0,13.0
001916.wav,wardrobe_drawer_open_close,12.0,15.0
001916.wav,cutlery_dishes,17.0,19.0
001916.wav,keyboard_typing,27.0,33.0
001917.wav,keyboard_typing,2.0,12.0
001918.wav,footsteps,0.0,1.0
001918.wav,footsteps,5.0,7.0
001918.wav,footsteps,10.0,12.0
001918.wav,wardrobe_drawer_open_close,12.0,16.0
001918.wav,footsteps,14.0,16.0
001918.wav,footsteps,19.0,25.0
001918.wav,footsteps,28.0,32.0
001919.wav,footsteps,1.0,7.0
001919.wav,footsteps,8.0,9.0
001919.wav,footsteps,11.0,13.0
001919.wav,footsteps,14.0,15.0
001919.wav,wardrobe_drawer_open_close,15.0,16.0
001919.wav,door_open_close,15.0,17.0
001919.wav,footsteps,21.0,23.0
001919.wav,footsteps,25.0,26.0
001919.wav,door_open_close,27.0,29.0
001919.wav,footsteps,28.0,29.0
001919.wav,window_open_close,28.0,29.0
001920.wav,footsteps,0.0,8.0
001920.wav,footsteps,10.0,16.0
001920.wav,wardrobe_drawer_open_close,18.0,19.0
001920.wav,keyboard_typing,20.0,21.0
001920.wav,wardrobe_drawer_open_close,26.0,29.0
001920.wav,footsteps,28.0,31.0
001920.wav,wardrobe_drawer_open_close,30.0,31.0
001920.wav,door_open_close,31.0,32.0
001921.wav,wardrobe_drawer_open_close,6.0,11.0
001921.wav,running_water,16.0,28.0
001921.wav,running_water,29.0,30.0
001922.wav,running_water,1.0,18.0
001922.wav,phone_ringing,16.0,26.0
001923.wav,footsteps,2.0,6.0
001923.wav,vacuum_cleaner,4.0,7.0
001923.wav,toilet_flushing,7.0,8.0
001923.wav,running_water,9.0,12.0
001923.wav,toilet_flushing,9.0,15.0
001923.wav,vacuum_cleaner,9.0,20.0
001923.wav,phone_ringing,16.0,28.0
001923.wav,cutlery_dishes,18.0,27.0
001923.wav,vacuum_cleaner,22.0,27.0
001924.wav,keyboard_typing,4.0,14.0
001924.wav,running_water,15.0,21.0
001924.wav,vacuum_cleaner,15.0,22.0
001924.wav,toilet_flushing,17.0,20.0
001924.wav,cutlery_dishes,23.0,25.0
001924.wav,keychain,23.0,27.0
001924.wav,keyboard_typing,24.0,25.0
001925.wav,keyboard_typing,3.0,8.0
001925.wav,footsteps,8.0,11.0
001925.wav,footsteps,12.0,19.0
001925.wav,running_water,20.0,23.0
001925.wav,toilet_flushing,20.0,23.0
001926.wav,cutlery_dishes,2.0,5.0
001926.wav,keychain,3.0,5.0
001926.wav,phone_ringing,6.0,12.0
001926.wav,keyboard_typing,12.0,17.0
001926.wav,cutlery_dishes,18.0,19.0
001927.wav,footsteps,1.0,14.0
001928.wav,keychain,0.0,2.0
001928.wav,cutlery_dishes,1.0,3.0
001928.wav,wardrobe_drawer_open_close,5.0,6.0
001928.wav,running_water,12.0,18.0
001929.wav,footsteps,0.0,1.0
001929.wav,microwave,6.0,15.0
001929.wav,footsteps,17.0,20.0
001930.wav,cutlery_dishes,4.0,6.0
001930.wav,footsteps,13.0,14.0
001931.wav,footsteps,0.0,1.0
001931.wav,footsteps,4.0,5.0
001931.wav,door_open_close,8.0,10.0
001931.wav,toilet_flushing,11.0,14.0
001931.wav,running_water,12.0,14.0
001931.wav,toilet_flushing,16.0,20.0
001932.wav,microwave,8.0,10.0
001932.wav,running_water,8.0,14.0
001932.wav,microwave,13.0,16.0
001932.wav,coffee_machine,13.0,25.0
001932.wav,microwave,21.0,25.0
001933.wav,running_water,3.0,22.0
001933.wav,phone_ringing,7.0,17.0
001933.wav,microwave,12.0,21.0
001963.wav,footsteps,4.0,5.0
001963.wav,wardrobe_drawer_open_close,11.0,13.0
001963.wav,wardrobe_drawer_open_close,14.0,16.0
001963.wav,door_open_close,15.0,16.0
001963.wav,microwave,16.0,17.0
001964.wav,wardrobe_drawer_open_close,0.0,1.0
001964.wav,toilet_flushing,1.0,3.0
001964.wav,toilet_flushing,6.0,9.0
001964.wav,keyboard_typing,11.0,14.0
001965.wav,wardrobe_drawer_open_close,0.0,1.0
001965.wav,door_open_close,0.0,2.0
001965.wav,door_open_close,7.0,9.0
001965.wav,footsteps,20.0,22.0
001966.wav,footsteps,0.0,1.0
001966.wav,keychain,0.0,1.0
001966.wav,running_water,0.0,26.0
001967.wav,keychain,1.0,17.0
001967.wav,keyboard_typing,3.0,6.0
001967.wav,keyboard_typing,7.0,11.0
001968.wav,footsteps,1.0,3.0
001968.wav,door_open_close,2.0,4.0
001968.wav,window_open_close,6.0,8.0
001968.wav,wardrobe_drawer_open_close,6.0,11.0
001968.wav,door_open_close,8.0,9.0
001968.wav,keyboard_typing,13.0,15.0
001968.wav,wardrobe_drawer_open_close,16.0,18.0
001969.wav,wardrobe_drawer_open_close,0.0,1.0
001969.wav,keyboard_typing,1.0,17.0
001969.wav,phone_ringing,5.0,18.0
001969.wav,door_open_close,6.0,7.0
001969.wav,running_water,17.0,18.0
001990.wav,keyboard_typing,1.0,38.0
001990.wav,phone_ringing,9.0,38.0
001991.wav,door_open_close,2.0,8.0
001991.wav,door_open_close,13.0,14.0
001991.wav,door_open_close,19.0,25.0
001991.wav,door_open_close,28.0,30.0
001991.wav,door_open_close,32.0,34.0
001991.wav,door_open_close,36.0,39.0
001992.wav,footsteps,0.0,1.0
001992.wav,keychain,0.0,1.0
001992.wav,running_water,1.0,38.0
001992.wav,cutlery_dishes,5.0,6.0
001992.wav,microwave,7.0,37.0
001992.wav,coffee_machine,15.0,17.0
001993.wav,footsteps,2.0,7.0
001993.wav,footsteps,10.0,16.0
001993.wav,keychain,11.0,14.0
001993.wav,keychain,17.0,18.0
001993.wav,footsteps,21.0,34.0
001993.wav,keychain,27.0,29.0
001994.wav,door_open_close,13.0,16.0
001994.wav,door_open_close,18.0,19.0
001994.wav,footsteps,24.0,28.0
001994.wav,door_open_close,28.0,29.0
001994.wav,footsteps,31.0,33.0
001995.wav,running_water,1.0,37.0
001995.wav,cutlery_dishes,3.0,12.0
001995.wav,cutlery_dishes,14.0,16.0
001995.wav,cutlery_dishes,18.0,20.0
001995.wav,cutlery_dishes,22.0,24.0
001995.wav,cutlery_dishes,26.0,27.0
001995.wav,cutlery_dishes,29.0,31.0
001995.wav,cutlery_dishes,32.0,37.0
001996.wav,door_open_close,0.0,1.0
001996.wav,keychain,5.0,24.0
001996.wav,keyboard_typing,6.0,17.0
001996.wav,footsteps,16.0,19.0
001996.wav,keyboard_typing,20.0,24.0
001996.wav,keyboard_typing,25.0,26.0
001996.wav,keyboard_typing,29.0,35.0
001996.wav,keychain,30.0,36.0
001997.wav,keyboard_typing,2.0,6.0
001997.wav,footsteps,9.0,10.0
001997.wav,wardrobe_drawer_open_close,10.0,11.0
001997.wav,keyboard_typing,13.0,14.0
001997.wav,wardrobe_drawer_open_close,14.0,15.0
001997.wav,keyboard_typing,19.0,29.0
001997.wav,footsteps,28.0,29.0
001997.wav,keyboard_typing,36.0,38.0
002008.wav,footsteps,1.0,3.0
002008.wav,door_open_close,3.0,4.0
002008.wav,door_open_close,6.0,8.0
002008.wav,keyboard_typing,9.0,10.0
002008.wav,footsteps,11.0,13.0
002008.wav,door_open_close,14.0,16.0
002008.wav,cutlery_dishes,15.0,16.0
002009.wav,phone_ringing,3.0,8.0
002009.wav,keyboard_typing,9.0,20.0
002010.wav,footsteps,0.0,5.0
002010.wav,microwave,8.0,14.0
002010.wav,running_water,14.0,21.0
002011.wav,door_open_close,6.0,8.0
002011.wav,footsteps,9.0,10.0
002011.wav,microwave,11.0,13.0
002011.wav,vacuum_cleaner,12.0,33.0
002011.wav,running_water,32.0,34.0
002012.wav,cutlery_dishes,1.0,6.0
002012.wav,keyboard_typing,12.0,14.0
002012.wav,microwave,14.0,16.0
002012.wav,coffee_machine,14.0,17.0
002012.wav,keyboard_typing,18.0,21.0
002012.wav,coffee_machine,21.0,30.0
002012.wav,microwave,22.0,29.0
002012.wav,keyboard_typing,30.0,33.0
002012.wav,keychain,37.0,38.0
002013.wav,window_open_close,2.0,5.0
002013.wav,door_open_close,3.0,5.0
002013.wav,door_open_close,13.0,15.0
002014.wav,wardrobe_drawer_open_close,0.0,1.0
002014.wav,toilet_flushing,10.0,14.0
002014.wav,microwave,15.0,16.0
002015.wav,cutlery_dishes,6.0,7.0
002015.wav,running_water,11.0,25.0
002015.wav,cutlery_dishes,19.0,21.0
002015.wav,coffee_machine,26.0,28.0
002015.wav,cutlery_dishes,26.0,28.0
002016.wav,footsteps,0.0,2.0
002016.wav,running_water,3.0,10.0
002016.wav,cutlery_dishes,5.0,8.0
002016.wav,vacuum_cleaner,9.0,22.0
002017.wav,microwave,4.0,27.0
002017.wav,running_water,8.0,30.0
002017.wav,cutlery_dishes,11.0,15.0
002017.wav,footsteps,20.0,21.0
002017.wav,cutlery_dishes,27.0,30.0
002017.wav,door_open_close,30.0,31.0
002017.wav,footsteps,30.0,31.0
002034.wav,vacuum_cleaner,0.0,15.0
002034.wav,running_water,1.0,9.0
002034.wav,phone_ringing,9.0,11.0
002034.wav,running_water,13.0,15.0
002034.wav,toilet_flushing,14.0,16.0
002034.wav,keychain,17.0,20.0
002034.wav,cutlery_dishes,18.0,19.0
002034.wav,door_open_close,18.0,21.0
002035.wav,footsteps,2.0,8.0
002035.wav,bell_ringing,11.0,12.0
002035.wav,running_water,12.0,25.0
002035.wav,bell_ringing,17.0,19.0
002035.wav,bell_ringing,25.0,27.0
002036.wav,footsteps,1.0,3.0
002036.wav,footsteps,5.0,7.0
002036.wav,running_water,8.0,13.0
002036.wav,footsteps,14.0,17.0
002036.wav,microwave,19.0,26.0
002036.wav,cutlery_dishes,23.0,26.0
002037.wav,keyboard_typing,1.0,15.0
002037.wav,door_open_close,31.0,32.0
002038.wav,keyboard_typing,3.0,5.0
002038.wav,footsteps,15.0,17.0
002039.wav,footsteps,2.0,4.0
002039.wav,door_open_close,8.0,10.0
002039.wav,door_open_close,24.0,26.0
002039.wav,footsteps,24.0,26.0
002040.wav,keyboard_typing,1.0,6.0
002040.wav,keyboard_typing,8.0,15.0
002040.wav,keyboard_typing,16.0,19.0
002041.wav,footsteps,1.0,2.0
002041.wav,footsteps,15.0,17.0
002042.wav,microwave,2.0,23.0
002042.wav,running_water,8.0,17.0
002042.wav,cutlery_dishes,11.0,22.0
002043.wav,running_water,1.0,7.0
002043.wav,cutlery_dishes,4.0,6.0
002043.wav,vacuum_cleaner,6.0,34.0
002043.wav,running_water,17.0,19.0
002084.wav,cutlery_dishes,13.0,15.0
002084.wav,keychain,13.0,15.0
002084.wav,running_water,13.0,15.0
002085.wav,running_water,2.0,23.0
002085.wav,cutlery_dishes,4.0,10.0
002085.wav,keyboard_typing,23.0,24.0
002086.wav,footsteps,10.0,11.0
002087.wav,keyboard_typing,3.0,12.0
002087.wav,phone_ringing,12.0,21.0
002087.wav,cutlery_dishes,13.0,15.0
002087.wav,keyboard_typing,15.0,18.0
002087.wav,keyboard_typing,21.0,22.0
002088.wav,footsteps,0.0,9.0
002088.wav,wardrobe_drawer_open_close,14.0,15.0
002088.wav,wardrobe_drawer_open_close,16.0,18.0
002089.wav,running_water,10.0,16.0
002089.wav,keyboard_typing,17.0,19.0
002090.wav,bell_ringing,3.0,7.0
002090.wav,cutlery_dishes,4.0,5.0
002090.wav,footsteps,8.0,10.0
002091.wav,toilet_flushing,4.0,13.0
002091.wav,running_water,8.0,13.0
002126.wav,door_open_close,2.0,4.0
002126.wav,window_open_close,2.0,4.0
002126.wav,footsteps,4.0,9.0
002126.wav,footsteps,11.0,14.0
002126.wav,door_open_close,13.0,15.0
002126.wav,keychain,21.0,27.0
002126.wav,door_open_close,26.0,28.0
002127.wav,footsteps,2.0,4.0
002127.wav,phone_ringing,4.0,11.0
002127.wav,footsteps,12.0,18.0
002127.wav,light_switch,18.0,20.0
002127.wav,running_water,21.0,26.0
002127.wav,toilet_flushing,22.0,24.0
002128.wav,footsteps,0.0,1.0
002128.wav,bell_ringing,1.0,6.0
002128.wav,cutlery_dishes,2.0,3.0
002128.wav,footsteps,8.0,11.0
002128.wav,running_water,12.0,18.0
002128.wav,cutlery_dishes,13.0,15.0
002128.wav,footsteps,18.0,19.0
002129.wav,keyboard_typing,5.0,8.0
002129.wav,phone_ringing,5.0,12.0
002129.wav,keyboard_typing,13.0,15.0
002129.wav,cutlery_dishes,16.0,20.0
002129.wav,phone_ringing,20.0,22.0
002129.wav,running_water,24.0,25.0
002130.wav,footsteps,1.0,6.0
002130.wav,vacuum_cleaner,12.0,27.0
002130.wav,cutlery_dishes,29.0,30.0
002130.wav,light_switch,29.0,30.0
002130.wav,wardrobe_drawer_open_close,29.0,30.0
002131.wav,keyboard_typing,3.0,5.0
002131.wav,keyboard_typing,6.0,8.0
002131.wav,cutlery_dishes,12.0,13.0
002131.wav,cutlery_dishes,18.0,26.0
002131.wav,keyboard_typing,23.0,26.0
002131.wav,phone_ringing,24.0,28.0
002132.wav,cutlery_dishes,3.0,5.0
002132.wav,microwave,3.0,24.0
002132.wav,running_water,15.0,29.0
002132.wav,cutlery_dishes,16.0,19.0
002132.wav,cutlery_dishes,26.0,29.0
002133.wav,cutlery_dishes,2.0,5.0
002133.wav,wardrobe_drawer_open_close,4.0,7.0
002133.wav,cutlery_dishes,8.0,11.0
002133.wav,running_water,13.0,20.0
002133.wav,cutlery_dishes,14.0,16.0
002134.wav,keyboard_typing,0.0,1.0
002134.wav,cutlery_dishes,2.0,6.0
002134.wav,keyboard_typing,7.0,10.0
002134.wav,phone_ringing,7.0,10.0
002134.wav,keyboard_typing,14.0,16.0
002134.wav,phone_ringing,16.0,20.0
002134.wav,keyboard_typing,17.0,19.0
002134.wav,cutlery_dishes,20.0,21.0
002135.wav,keyboard_typing,0.0,1.0
002135.wav,microwave,1.0,7.0
002135.wav,running_water,4.0,11.0
002135.wav,phone_ringing,11.0,14.0
002135.wav,microwave,12.0,14.0
002135.wav,running_water,15.0,20.0
002136.wav,bell_ringing,2.0,3.0
002136.wav,footsteps,6.0,9.0
002136.wav,footsteps,23.0,24.0
002136.wav,footsteps,28.0,30.0
002137.wav,footsteps,4.0,5.0
002137.wav,footsteps,13.0,16.0
002137.wav,running_water,15.0,16.0
002137.wav,footsteps,17.0,18.0
002137.wav,keyboard_typing,22.0,27.0
002139.wav,toilet_flushing,1.0,19.0
002139.wav,vacuum_cleaner,2.0,7.0
002139.wav,running_water,6.0,17.0
002140.wav,footsteps,8.0,11.0
002140.wav,footsteps,15.0,16.0
002140.wav,phone_ringing,22.0,23.0
002140.wav,vacuum_cleaner,27.0,32.0
002140.wav,toilet_flushing,29.0,30.0
002141.wav,vacuum_cleaner,16.0,18.0
002141.wav,running_water,17.0,21.0
002141.wav,toilet_flushing,18.0,20.0
002141.wav,vacuum_cleaner,20.0,32.0
002141.wav,running_water,24.0,25.0
002141.wav,toilet_flushing,24.0,25.0
002141.wav,running_water,27.0,32.0
002141.wav,phone_ringing,32.0,34.0
002142.wav,footsteps,0.0,2.0
002142.wav,keychain,5.0,7.0
002142.wav,footsteps,22.0,24.0
002143.wav,cutlery_dishes,1.0,2.0
002143.wav,cutlery_dishes,5.0,10.0
002143.wav,running_water,6.0,8.0
002143.wav,footsteps,11.0,13.0
002144.wav,keychain,7.0,10.0
002144.wav,footsteps,13.0,17.0
002144.wav,door_open_close,17.0,18.0
002144.wav,keychain,18.0,19.0
002145.wav,microwave,2.0,4.0
002145.wav,vacuum_cleaner,3.0,13.0
002145.wav,running_water,5.0,8.0
002145.wav,cutlery_dishes,7.0,11.0
002145.wav,running_water,9.0,10.0
002145.wav,coffee_machine,12.0,18.0
002145.wav,microwave,13.0,17.0
002145.wav,microwave,19.0,22.0
002145.wav,coffee_machine,20.0,22.0
002145.wav,running_water,24.0,27.0
002145.wav,vacuum_cleaner,26.0,29.0
002145.wav,coffee_machine,26.0,34.0
002145.wav,microwave,28.0,32.0
002145.wav,cutlery_dishes,33.0,34.0
002146.wav,microwave,2.0,23.0
002146.wav,cutlery_dishes,4.0,15.0
002146.wav,running_water,5.0,21.0
002146.wav,cutlery_dishes,17.0,20.0
002147.wav,light_switch,1.0,3.0
002147.wav,keyboard_typing,5.0,23.0
002147.wav,phone_ringing,16.0,21.0
002147.wav,phone_ringing,22.0,23.0
002148.wav,wardrobe_drawer_open_close,1.0,3.0
002148.wav,footsteps,3.0,8.0
002148.wav,door_open_close,10.0,12.0
002148.wav,window_open_close,10.0,12.0
002148.wav,door_open_close,15.0,16.0
002148.wav,footsteps,15.0,16.0
002149.wav,toilet_flushing,1.0,8.0
002149.wav,footsteps,7.0,15.0
002149.wav,door_open_close,11.0,13.0
002149.wav,running_water,16.0,23.0
002149.wav,cutlery_dishes,17.0,18.0
002150.wav,bell_ringing,0.0,5.0
002150.wav,cutlery_dishes,1.0,5.0
002150.wav,vacuum_cleaner,2.0,4.0
002150.wav,footsteps,7.0,11.0
002150.wav,footsteps,13.0,15.0
002150.wav,window_open_close,14.0,15.0
002151.wav,keychain,1.0,4.0
002151.wav,door_open_close,8.0,9.0
002151.wav,footsteps,9.0,12.0
002151.wav,door_open_close,12.0,13.0
002151.wav,keychain,15.0,16.0
002152.wav,keyboard_typing,0.0,7.0
002152.wav,phone_ringing,4.0,9.0
002152.wav,footsteps,15.0,19.0
002152.wav,door_open_close,19.0,20.0
002152.wav,wardrobe_drawer_open_close,19.0,20.0
002153.wav,footsteps,1.0,3.0
002153.wav,running_water,7.0,16.0
002330.wav,keychain,1.0,3.0
002330.wav,running_water,7.0,12.0
002330.wav,toilet_flushing,9.0,11.0
002331.wav,vacuum_cleaner,5.0,16.0
002332.wav,keychain,0.0,1.0
002332.wav,running_water,4.0,7.0
002332.wav,vacuum_cleaner,4.0,11.0
002332.wav,toilet_flushing,4.0,12.0
002332.wav,running_water,10.0,11.0
002333.wav,coffee_machine,1.0,3.0
002333.wav,vacuum_cleaner,2.0,3.0
002333.wav,keychain,12.0,13.0
002333.wav,keychain,15.0,16.0
002334.wav,microwave,2.0,14.0
002334.wav,running_water,14.0,20.0
002334.wav,microwave,16.0,21.0
002335.wav,keyboard_typing,2.0,11.0
002335.wav,keychain,6.0,7.0
002336.wav,cutlery_dishes,2.0,4.0
002337.wav,bell_ringing,1.0,6.0
002337.wav,phone_ringing,1.0,16.0
002337.wav,bell_ringing,9.0,13.0
002337.wav,keychain,16.0,17.0
002356.wav,footsteps,0.0,1.0
002356.wav,running_water,2.0,12.0
002356.wav,coffee_machine,13.0,15.0
002356.wav,cutlery_dishes,13.0,18.0
002356.wav,cutlery_dishes,20.0,22.0
002356.wav,coffee_machine,22.0,23.0
002357.wav,keyboard_typing,1.0,11.0
002357.wav,phone_ringing,7.0,11.0
002357.wav,wardrobe_drawer_open_close,13.0,16.0
002357.wav,phone_ringing,17.0,20.0
002357.wav,wardrobe_drawer_open_close,21.0,25.0
002358.wav,footsteps,0.0,1.0
002358.wav,footsteps,2.0,10.0
002358.wav,window_open_close,11.0,13.0
002358.wav,window_open_close,15.0,16.0
002358.wav,footsteps,16.0,24.0
002359.wav,keychain,1.0,9.0
002359.wav,cutlery_dishes,2.0,4.0
002359.wav,cutlery_dishes,7.0,9.0
002359.wav,door_open_close,9.0,10.0
002359.wav,keychain,18.0,22.0
002359.wav,cutlery_dishes,19.0,20.0
002359.wav,door_open_close,20.0,22.0
002360.wav,footsteps,0.0,13.0
002360.wav,door_open_close,8.0,9.0
002360.wav,toilet_flushing,13.0,17.0
002361.wav,footsteps,2.0,19.0
002362.wav,coffee_machine,2.0,23.0
002362.wav,microwave,11.0,22.0
002362.wav,footsteps,24.0,25.0
002363.wav,light_switch,1.0,16.0
002364.wav,footsteps,0.0,2.0
002364.wav,window_open_close,8.0,10.0
002364.wav,wardrobe_drawer_open_close,15.0,17.0
002364.wav,window_open_close,16.0,21.0
002364.wav,door_open_close,17.0,21.0
002364.wav,footsteps,20.0,21.0
002365.wav,keyboard_typing,1.0,19.0
002365.wav,phone_ringing,16.0,20.0
002438.wav,microwave,2.0,12.0
002438.wav,cutlery_dishes,10.0,12.0
002438.wav,cutlery_dishes,20.0,24.0
002439.wav,footsteps,8.0,9.0
002439.wav,keyboard_typing,9.0,15.0
002440.wav,light_switch,1.0,3.0
002440.wav,footsteps,4.0,5.0
002440.wav,phone_ringing,10.0,12.0
002441.wav,footsteps,2.0,4.0
002441.wav,running_water,6.0,11.0
002441.wav,footsteps,13.0,15.0
002441.wav,footsteps,16.0,18.0
002441.wav,keyboard_typing,18.0,19.0
002442.wav,footsteps,1.0,5.0
002442.wav,keyboard_typing,4.0,5.0
002442.wav,toilet_flushing,7.0,14.0
002442.wav,running_water,7.0,15.0
002442.wav,footsteps,18.0,19.0
002442.wav,door_open_close,19.0,21.0
002443.wav,footsteps,11.0,12.0
002443.wav,phone_ringing,14.0,16.0
002444.wav,phone_ringing,9.0,12.0
002444.wav,keyboard_typing,12.0,13.0
002444.wav,phone_ringing,15.0,17.0
002445.wav,keyboard_typing,2.0,3.0
002445.wav,microwave,2.0,24.0
002445.wav,door_open_close,6.0,7.0
002445.wav,keyboard_typing,7.0,11.0
002564.wav,footsteps,1.0,3.0
002564.wav,wardrobe_drawer_open_close,9.0,11.0
002564.wav,microwave,10.0,25.0
002564.wav,cutlery_dishes,18.0,20.0
002564.wav,running_water,18.0,20.0
002565.wav,toilet_flushing,7.0,11.0
002565.wav,running_water,8.0,10.0
002565.wav,running_water,12.0,17.0
002566.wav,running_water,2.0,20.0
002566.wav,phone_ringing,9.0,11.0
002566.wav,footsteps,12.0,15.0
002567.wav,cutlery_dishes,2.0,6.0
002567.wav,cutlery_dishes,7.0,9.0
002567.wav,wardrobe_drawer_open_close,8.0,12.0
002567.wav,cutlery_dishes,15.0,18.0
002568.wav,footsteps,2.0,11.0
002568.wav,keyboard_typing,10.0,21.0
002569.wav,running_water,2.0,9.0
002569.wav,footsteps,5.0,14.0
002570.wav,vacuum_cleaner,10.0,19.0
002570.wav,phone_ringing,12.0,14.0
002570.wav,running_water,14.0,19.0
002571.wav,footsteps,2.0,4.0
002571.wav,bell_ringing,10.0,12.0
002571.wav,vacuum_cleaner,10.0,12.0
002571.wav,footsteps,13.0,16.0
002571.wav,door_open_close,15.0,18.0
002571.wav,keychain,18.0,19.0
002571.wav,footsteps,23.0,26.0
002571.wav,keyboard_typing,27.0,28.0
002571.wav,door_open_close,28.0,31.0
002571.wav,keychain,31.0,32.0
002572.wav,keychain,7.0,9.0
002572.wav,cutlery_dishes,7.0,10.0
002572.wav,keychain,13.0,15.0
002572.wav,cutlery_dishes,13.0,16.0
002572.wav,coffee_machine,19.0,20.0
002573.wav,footsteps,5.0,7.0
002573.wav,phone_ringing,10.0,12.0
002573.wav,coffee_machine,14.0,16.0
002573.wav,microwave,17.0,18.0
002573.wav,coffee_machine,19.0,28.0
002573.wav,microwave,28.0,29.0
002573.wav,phone_ringing,28.0,30.0
002573.wav,coffee_machine,30.0,31.0
002573.wav,microwave,30.0,31.0
002594.wav,keychain,3.0,5.0
002595.wav,keyboard_typing,8.0,20.0
002595.wav,phone_ringing,17.0,26.0
002595.wav,keyboard_typing,22.0,23.0
002596.wav,running_water,5.0,10.0
002596.wav,light_switch,17.0,18.0
002597.wav,footsteps,4.0,6.0
002597.wav,wardrobe_drawer_open_close,8.0,10.0
002598.wav,running_water,7.0,9.0
002598.wav,running_water,10.0,13.0
002598.wav,toilet_flushing,17.0,19.0
002598.wav,running_water,18.0,20.0
002599.wav,wardrobe_drawer_open_close,5.0,6.0
002599.wav,window_open_close,5.0,6.0
002599.wav,footsteps,6.0,12.0
002599.wav,door_open_close,12.0,13.0
002599.wav,coffee_machine,15.0,17.0
002599.wav,door_open_close,19.0,20.0
002599.wav,wardrobe_drawer_open_close,19.0,20.0
002599.wav,window_open_close,19.0,20.0
002600.wav,phone_ringing,0.0,10.0
002601.wav,microwave,5.0,8.0
002601.wav,footsteps,17.0,18.0
002602.wav,footsteps,1.0,4.0
002602.wav,running_water,13.0,18.0
002602.wav,microwave,22.0,23.0
002603.wav,keyboard_typing,1.0,6.0
002603.wav,keyboard_typing,8.0,10.0
002603.wav,footsteps,12.0,14.0
002614.wav,footsteps,1.0,5.0
002614.wav,keychain,7.0,11.0
002614.wav,footsteps,9.0,12.0
002614.wav,keychain,13.0,17.0
002614.wav,keyboard_typing,19.0,26.0
002615.wav,keychain,1.0,12.0
002615.wav,footsteps,13.0,14.0
002615.wav,keyboard_typing,17.0,27.0
002616.wav,footsteps,1.0,10.0
002616.wav,footsteps,13.0,16.0
002616.wav,wardrobe_drawer_open_close,14.0,16.0
002616.wav,door_open_close,15.0,16.0
002616.wav,footsteps,20.0,24.0
002617.wav,keychain,1.0,2.0
002617.wav,footsteps,1.0,3.0
002617.wav,door_open_close,3.0,4.0
002617.wav,keychain,4.0,6.0
002617.wav,footsteps,5.0,6.0
002617.wav,wardrobe_drawer_open_close,5.0,6.0
002617.wav,keychain,8.0,11.0
002617.wav,footsteps,12.0,15.0
002617.wav,door_open_close,14.0,15.0
002618.wav,wardrobe_drawer_open_close,4.0,6.0
002618.wav,footsteps,8.0,10.0
002618.wav,door_open_close,12.0,13.0
002618.wav,footsteps,13.0,21.0
002618.wav,wardrobe_drawer_open_close,14.0,15.0
002618.wav,wardrobe_drawer_open_close,19.0,20.0
002619.wav,toilet_flushing,1.0,7.0
002619.wav,running_water,3.0,6.0
002619.wav,running_water,10.0,19.0
002619.wav,phone_ringing,28.0,30.0
002620.wav,toilet_flushing,8.0,13.0
002620.wav,running_water,9.0,14.0
002621.wav,vacuum_cleaner,0.0,6.0
002621.wav,running_water,5.0,7.0
002621.wav,footsteps,10.0,11.0
002622.wav,keychain,0.0,3.0
002622.wav,footsteps,1.0,4.0
002622.wav,coffee_machine,4.0,5.0
002622.wav,keychain,6.0,8.0
002622.wav,coffee_machine,9.0,21.0
002622.wav,microwave,10.0,23.0
002622.wav,microwave,27.0,31.0
002623.wav,keychain,8.0,10.0
002623.wav,footsteps,11.0,12.0
002623.wav,microwave,13.0,18.0
002623.wav,microwave,28.0,32.0
002642.wav,keychain,3.0,5.0
002642.wav,keyboard_typing,6.0,11.0
002642.wav,keyboard_typing,13.0,18.0
002642.wav,footsteps,18.0,19.0
002642.wav,keyboard_typing,19.0,20.0
002642.wav,footsteps,22.0,29.0
002642.wav,keyboard_typing,25.0,27.0
002643.wav,phone_ringing,7.0,8.0
002643.wav,footsteps,13.0,14.0
002643.wav,keyboard_typing,15.0,22.0
002644.wav,footsteps,9.0,16.0
002645.wav,toilet_flushing,3.0,6.0
002645.wav,footsteps,7.0,11.0
002645.wav,footsteps,14.0,19.0
002645.wav,footsteps,23.0,30.0
002646.wav,footsteps,1.0,5.0
002646.wav,microwave,8.0,20.0
002647.wav,vacuum_cleaner,1.0,12.0
002647.wav,footsteps,2.0,3.0
002647.wav,vacuum_cleaner,16.0,18.0
002647.wav,keyboard_typing,24.0,25.0
002647.wav,footsteps,28.0,30.0
002648.wav,footsteps,1.0,6.0
002648.wav,wardrobe_drawer_open_close,10.0,12.0
002648.wav,footsteps,12.0,15.0
002648.wav,keyboard_typing,18.0,26.0
002648.wav,footsteps,22.0,23.0
002649.wav,footsteps,12.0,14.0
002649.wav,microwave,14.0,22.0
002649.wav,footsteps,21.0,22.0
002700.wav,keychain,0.0,3.0
002700.wav,keyboard_typing,2.0,3.0
002700.wav,keychain,4.0,8.0
002700.wav,door_open_close,5.0,11.0
002700.wav,footsteps,14.0,15.0
002701.wav,running_water,2.0,4.0
002701.wav,vacuum_cleaner,4.0,6.0
002701.wav,running_water,7.0,12.0
002702.wav,footsteps,2.0,7.0
002703.wav,footsteps,3.0,5.0
002703.wav,running_water,7.0,10.0
002704.wav,door_open_close,6.0,8.0
002704.wav,footsteps,8.0,11.0
002705.wav,keyboard_typing,1.0,18.0
002705.wav,footsteps,3.0,4.0
002705.wav,phone_ringing,6.0,14.0
002706.wav,keychain,0.0,4.0
002706.wav,cutlery_dishes,2.0,3.0
002706.wav,phone_ringing,4.0,7.0
002706.wav,keychain,5.0,6.0
002706.wav,cutlery_dishes,6.0,10.0
002706.wav,phone_ringing,8.0,12.0
002706.wav,cutlery_dishes,14.0,16.0
002707.wav,vacuum_cleaner,0.0,10.0
002707.wav,footsteps,12.0,14.0
002707.wav,door_open_close,14.0,15.0
002708.wav,running_water,1.0,17.0
002708.wav,cutlery_dishes,3.0,5.0
002708.wav,cutlery_dishes,13.0,17.0
002708.wav,footsteps,19.0,20.0
002708.wav,keyboard_typing,19.0,20.0
002709.wav,wardrobe_drawer_open_close,0.0,1.0
002709.wav,running_water,2.0,18.0
002709.wav,cutlery_dishes,4.0,12.0
002709.wav,cutlery_dishes,15.0,17.0
002720.wav,keychain,0.0,6.0
002720.wav,running_water,7.0,9.0
002720.wav,keychain,8.0,17.0
002720.wav,running_water,12.0,15.0
002721.wav,footsteps,0.0,1.0
002721.wav,keyboard_typing,1.0,21.0
002722.wav,wardrobe_drawer_open_close,7.0,8.0
002722.wav,wardrobe_drawer_open_close,12.0,14.0
002722.wav,wardrobe_drawer_open_close,16.0,19.0
002722.wav,footsteps,19.0,20.0
002724.wav,footsteps,14.0,15.0
002724.wav,coffee_machine,27.0,29.0
002724.wav,bell_ringing,29.0,31.0
002724.wav,coffee_machine,30.0,34.0
002725.wav,microwave,1.0,20.0
002726.wav,footsteps,14.0,15.0
002726.wav,footsteps,17.0,19.0
002726.wav,footsteps,24.0,26.0
002726.wav,footsteps,28.0,29.0
002727.wav,door_open_close,0.0,1.0
002727.wav,footsteps,10.0,15.0
002727.wav,footsteps,33.0,34.0
002728.wav,light_switch,1.0,5.0
002728.wav,footsteps,2.0,7.0
002728.wav,cutlery_dishes,11.0,15.0
002728.wav,phone_ringing,12.0,15.0
002728.wav,keyboard_typing,15.0,18.0
002728.wav,footsteps,16.0,21.0
002728.wav,window_open_close,17.0,18.0
002728.wav,phone_ringing,22.0,24.0
002728.wav,footsteps,24.0,26.0
002729.wav,toilet_flushing,1.0,3.0
002729.wav,footsteps,6.0,8.0
002729.wav,wardrobe_drawer_open_close,8.0,10.0
002803.wav,keyboard_typing,4.0,7.0
002803.wav,phone_ringing,8.0,11.0
002803.wav,phone_ringing,18.0,22.0
002804.wav,bell_ringing,3.0,5.0
002804.wav,phone_ringing,3.0,5.0
002804.wav,door_open_close,13.0,14.0
002805.wav,footsteps,0.0,5.0
002805.wav,door_open_close,5.0,7.0
002805.wav,footsteps,7.0,9.0
002805.wav,footsteps,12.0,15.0
002805.wav,door_open_close,16.0,18.0
002805.wav,window_open_close,16.0,18.0
002806.wav,running_water,4.0,11.0
002807.wav,vacuum_cleaner,1.0,26.0
002807.wav,microwave,24.0,26.0
002808.wav,vacuum_cleaner,11.0,23.0
002808.wav,running_water,16.0,19.0
002808.wav,running_water,20.0,31.0
002808.wav,vacuum_cleaner,24.0,25.0
002808.wav,vacuum_cleaner,32.0,33.0
002809.wav,footsteps,0.0,1.0
002809.wav,coffee_machine,2.0,4.0
002809.wav,microwave,10.0,24.0
002809.wav,coffee_machine,25.0,30.0
002810.wav,coffee_machine,5.0,7.0
002810.wav,coffee_machine,8.0,11.0
002810.wav,microwave,10.0,11.0
002810.wav,vacuum_cleaner,11.0,18.0
002810.wav,running_water,18.0,22.0
002810.wav,microwave,19.0,21.0
002810.wav,coffee_machine,22.0,26.0
002810.wav,coffee_machine,34.0,35.0
002810.wav,running_water,34.0,35.0
002811.wav,running_water,3.0,6.0
002811.wav,cutlery_dishes,6.0,8.0
002811.wav,footsteps,15.0,16.0
002812.wav,bell_ringing,2.0,5.0
002812.wav,footsteps,7.0,9.0
002813.wav,footsteps,2.0,4.0
002813.wav,toilet_flushing,7.0,9.0
002813.wav,running_water,7.0,10.0
002813.wav,running_water,12.0,17.0
002814.wav,keyboard_typing,0.0,7.0
002814.wav,keyboard_typing,9.0,12.0
002814.wav,phone_ringing,11.0,12.0
002814.wav,phone_ringing,14.0,16.0
002814.wav,keyboard_typing,17.0,18.0
002814.wav,keychain,19.0,20.0
002815.wav,keyboard_typing,0.0,1.0
002815.wav,footsteps,4.0,5.0
002815.wav,footsteps,16.0,18.0
002816.wav,running_water,1.0,5.0
002816.wav,running_water,6.0,18.0
002816.wav,running_water,20.0,25.0
002817.wav,keychain,1.0,5.0
002817.wav,keychain,7.0,9.0
002817.wav,keychain,13.0,15.0
002817.wav,keyboard_typing,13.0,19.0
002817.wav,keychain,17.0,19.0
002818.wav,bell_ringing,1.0,16.0
002819.wav,running_water,11.0,19.0
002819.wav,footsteps,23.0,24.0
002820.wav,microwave,0.0,8.0
002820.wav,running_water,5.0,24.0
002820.wav,microwave,9.0,10.0
002820.wav,microwave,11.0,18.0
002820.wav,microwave,19.0,24.0
002820.wav,footsteps,23.0,24.0
002822.wav,footsteps,8.0,14.0
002822.wav,wardrobe_drawer_open_close,10.0,13.0
002822.wav,phone_ringing,15.0,17.0
002822.wav,footsteps,17.0,19.0
002822.wav,keyboard_typing,20.0,21.0
002822.wav,keyboard_typing,22.0,23.0
002822.wav,footsteps,24.0,26.0
002822.wav,wardrobe_drawer_open_close,24.0,26.0
002823.wav,door_open_close,0.0,1.0
002823.wav,wardrobe_drawer_open_close,0.0,1.0
002823.wav,wardrobe_drawer_open_close,7.0,10.0
002823.wav,footsteps,11.0,15.0
002823.wav,keyboard_typing,14.0,16.0
002823.wav,wardrobe_drawer_open_close,15.0,17.0
002823.wav,footsteps,17.0,21.0
002824.wav,footsteps,2.0,3.0
002824.wav,footsteps,6.0,11.0
002824.wav,footsteps,24.0,26.0
002825.wav,microwave,0.0,2.0
002825.wav,wardrobe_drawer_open_close,0.0,2.0
002825.wav,microwave,3.0,5.0
002825.wav,microwave,14.0,16.0
002825.wav,phone_ringing,17.0,23.0
002826.wav,keyboard_typing,1.0,3.0
002826.wav,keyboard_typing,5.0,7.0
002826.wav,footsteps,7.0,10.0
002826.wav,footsteps,13.0,16.0
002826.wav,footsteps,18.0,23.0
002827.wav,window_open_close,0.0,1.0
002827.wav,wardrobe_drawer_open_close,0.0,2.0
002827.wav,door_open_close,3.0,5.0
002827.wav,coffee_machine,6.0,9.0
002827.wav,door_open_close,8.0,10.0
002827.wav,keychain,9.0,11.0
002827.wav,microwave,14.0,15.0
002827.wav,door_open_close,20.0,23.0
002828.wav,footsteps,1.0,3.0
002828.wav,microwave,6.0,13.0
002828.wav,phone_ringing,13.0,16.0
002828.wav,footsteps,20.0,28.0
002829.wav,wardrobe_drawer_open_close,0.0,3.0
002829.wav,footsteps,2.0,3.0
002829.wav,window_open_close,5.0,7.0
002829.wav,footsteps,7.0,9.0
002829.wav,footsteps,11.0,12.0
002829.wav,microwave,18.0,20.0
002830.wav,wardrobe_drawer_open_close,3.0,4.0
002830.wav,wardrobe_drawer_open_close,7.0,8.0
002830.wav,phone_ringing,8.0,12.0
002830.wav,wardrobe_drawer_open_close,16.0,17.0
002830.wav,footsteps,16.0,19.0
002830.wav,footsteps,20.0,23.0
002830.wav,wardrobe_drawer_open_close,21.0,23.0
002831.wav,door_open_close,8.0,9.0
002831.wav,footsteps,8.0,9.0
002831.wav,footsteps,10.0,12.0
002831.wav,wardrobe_drawer_open_close,11.0,12.0
002831.wav,footsteps,19.0,21.0
002852.wav,keyboard_typing,7.0,10.0
002852.wav,wardrobe_drawer_open_close,11.0,12.0
002852.wav,footsteps,12.0,14.0
002852.wav,footsteps,17.0,18.0
002852.wav,footsteps,21.0,23.0
002852.wav,wardrobe_drawer_open_close,23.0,24.0
002852.wav,keyboard_typing,24.0,26.0
002853.wav,wardrobe_drawer_open_close,0.0,1.0
002853.wav,toilet_flushing,2.0,3.0
002853.wav,vacuum_cleaner,2.0,3.0
002853.wav,running_water,3.0,10.0
002853.wav,door_open_close,13.0,16.0
002853.wav,microwave,17.0,19.0
002853.wav,door_open_close,18.0,19.0
002854.wav,bell_ringing,8.0,10.0
002854.wav,footsteps,8.0,15.0
002854.wav,door_open_close,13.0,17.0
002854.wav,window_open_close,14.0,16.0
002855.wav,wardrobe_drawer_open_close,0.0,1.0
002855.wav,footsteps,1.0,2.0
002855.wav,footsteps,3.0,5.0
002855.wav,keychain,3.0,6.0
002855.wav,door_open_close,4.0,11.0
002855.wav,keychain,7.0,9.0
002855.wav,keychain,11.0,12.0
002855.wav,footsteps,13.0,14.0
002855.wav,door_open_close,14.0,16.0
002855.wav,window_open_close,14.0,16.0
002855.wav,footsteps,15.0,16.0
002855.wav,footsteps,17.0,18.0
002855.wav,keychain,19.0,21.0
002856.wav,keychain,1.0,2.0
002856.wav,door_open_close,4.0,6.0
002856.wav,keychain,5.0,17.0
002857.wav,keyboard_typing,1.0,6.0
002857.wav,keyboard_typing,12.0,18.0
002857.wav,bell_ringing,18.0,22.0
002858.wav,door_open_close,7.0,8.0
002858.wav,wardrobe_drawer_open_close,7.0,12.0
002858.wav,window_open_close,8.0,10.0
002858.wav,footsteps,18.0,20.0
002858.wav,wardrobe_drawer_open_close,20.0,21.0
002859.wav,footsteps,1.0,2.0
002859.wav,door_open_close,1.0,3.0
002859.wav,footsteps,4.0,8.0
002859.wav,running_water,9.0,14.0
002859.wav,footsteps,15.0,16.0
002860.wav,running_water,1.0,20.0
002860.wav,cutlery_dishes,3.0,11.0
002860.wav,vacuum_cleaner,11.0,14.0
002860.wav,bell_ringing,12.0,18.0
002860.wav,vacuum_cleaner,15.0,18.0
002860.wav,cutlery_dishes,18.0,20.0
002861.wav,footsteps,0.0,1.0
002861.wav,wardrobe_drawer_open_close,0.0,1.0
002861.wav,keyboard_typing,6.0,20.0
002861.wav,phone_ringing,20.0,23.0
002861.wav,phone_ringing,24.0,25.0
002872.wav,running_water,1.0,4.0
002872.wav,keychain,4.0,7.0
002872.wav,running_water,15.0,18.0
002872.wav,running_water,23.0,30.0
002872.wav,keychain,28.0,30.0
002873.wav,running_water,2.0,14.0
002873.wav,cutlery_dishes,8.0,13.0
002873.wav,running_water,15.0,19.0
002873.wav,footsteps,16.0,19.0
002874.wav,keychain,4.0,7.0
002874.wav,keyboard_typing,4.0,10.0
002874.wav,keychain,8.0,10.0
002874.wav,running_water,16.0,18.0
002874.wav,footsteps,17.0,20.0
002875.wav,microwave,1.0,3.0
002875.wav,cutlery_dishes,1.0,5.0
002875.wav,keyboard_typing,6.0,11.0
002875.wav,keychain,6.0,11.0
002876.wav,keychain,2.0,6.0
002876.wav,cutlery_dishes,23.0,25.0
002876.wav,microwave,24.0,25.0
002877.wav,running_water,3.0,7.0
002877.wav,footsteps,5.0,7.0
002877.wav,keychain,9.0,13.0
002877.wav,microwave,9.0,20.0
002877.wav,door_open_close,10.0,11.0
002877.wav,cutlery_dishes,10.0,21.0
002877.wav,door_open_close,16.0,18.0
002877.wav,door_open_close,21.0,22.0
002878.wav,keyboard_typing,1.0,4.0
002878.wav,keychain,1.0,4.0
002878.wav,keyboard_typing,7.0,12.0
002878.wav,keychain,9.0,14.0
002878.wav,bell_ringing,11.0,12.0
002878.wav,cutlery_dishes,18.0,22.0
002879.wav,cutlery_dishes,1.0,2.0
002879.wav,keychain,1.0,3.0
002879.wav,keyboard_typing,12.0,17.0
002879.wav,keychain,12.0,22.0
002880.wav,footsteps,1.0,3.0
002880.wav,microwave,4.0,22.0
002880.wav,cutlery_dishes,7.0,16.0
002880.wav,running_water,7.0,16.0
002880.wav,keychain,20.0,22.0
002881.wav,microwave,2.0,25.0
002881.wav,cutlery_dishes,5.0,13.0
002881.wav,door_open_close,6.0,7.0
002881.wav,running_water,8.0,12.0
002881.wav,running_water,15.0,19.0
002881.wav,cutlery_dishes,15.0,21.0
002882.wav,running_water,4.0,14.0
002882.wav,cutlery_dishes,10.0,13.0
002882.wav,microwave,11.0,12.0
002882.wav,running_water,17.0,21.0
002882.wav,cutlery_dishes,17.0,22.0
002883.wav,footsteps,3.0,8.0
002883.wav,keychain,11.0,14.0
002883.wav,door_open_close,18.0,19.0
002884.wav,vacuum_cleaner,4.0,21.0
002884.wav,running_water,5.0,7.0
002884.wav,phone_ringing,8.0,14.0
002884.wav,toilet_flushing,9.0,10.0
002884.wav,running_water,9.0,13.0
002884.wav,toilet_flushing,12.0,18.0
002884.wav,phone_ringing,15.0,17.0
002884.wav,phone_ringing,19.0,20.0
002884.wav,toilet_flushing,19.0,20.0
002884.wav,keyboard_typing,24.0,25.0
002885.wav,keyboard_typing,4.0,12.0
002886.wav,running_water,6.0,8.0
002886.wav,running_water,13.0,20.0
002887.wav,footsteps,4.0,6.0
002887.wav,window_open_close,4.0,6.0
002887.wav,footsteps,9.0,13.0
002887.wav,wardrobe_drawer_open_close,15.0,16.0
002888.wav,vacuum_cleaner,8.0,9.0
002888.wav,phone_ringing,10.0,11.0
002888.wav,running_water,10.0,11.0
002888.wav,vacuum_cleaner,12.0,15.0
002888.wav,running_water,12.0,18.0
002888.wav,phone_ringing,13.0,15.0
002888.wav,vacuum_cleaner,17.0,20.0
002889.wav,microwave,3.0,4.0
002889.wav,phone_ringing,3.0,6.0
002889.wav,footsteps,6.0,9.0
003041.wav,footsteps,2.0,4.0
003041.wav,footsteps,7.0,9.0
003041.wav,keyboard_typing,8.0,14.0
003042.wav,footsteps,8.0,9.0
003042.wav,footsteps,13.0,15.0
003043.wav,microwave,3.0,14.0
003043.wav,cutlery_dishes,6.0,12.0
003043.wav,microwave,15.0,16.0
003044.wav,footsteps,2.0,3.0
003044.wav,footsteps,5.0,7.0
003044.wav,running_water,8.0,12.0
003044.wav,footsteps,14.0,16.0
003045.wav,footsteps,0.0,1.0
003045.wav,toilet_flushing,2.0,7.0
003045.wav,running_water,12.0,15.0
003046.wav,footsteps,1.0,7.0
003046.wav,footsteps,10.0,11.0
003046.wav,footsteps,12.0,14.0
003046.wav,footsteps,15.0,16.0
003047.wav,keychain,4.0,10.0
003048.wav,keychain,2.0,3.0
003048.wav,keyboard_typing,7.0,8.0
003048.wav,footsteps,12.0,14.0
003048.wav,keyboard_typing,14.0,20.0
003095.wav,footsteps,0.0,3.0
003095.wav,keychain,3.0,6.0
003095.wav,keyboard_typing,7.0,12.0
003095.wav,door_open_close,19.0,21.0
003095.wav,footsteps,24.0,27.0
003095.wav,keyboard_typing,28.0,29.0
003096.wav,footsteps,2.0,5.0
003096.wav,door_open_close,6.0,9.0
003096.wav,footsteps,10.0,11.0
003096.wav,microwave,12.0,21.0
003096.wav,cutlery_dishes,20.0,21.0
003096.wav,bell_ringing,20.0,22.0
003097.wav,microwave,0.0,1.0
003097.wav,wardrobe_drawer_open_close,2.0,5.0
003097.wav,cutlery_dishes,7.0,13.0
003097.wav,running_water,14.0,20.0
003098.wav,microwave,0.0,2.0
003098.wav,microwave,5.0,7.0
003098.wav,running_water,7.0,11.0
003098.wav,toilet_flushing,7.0,11.0
003098.wav,microwave,12.0,16.0
003098.wav,running_water,14.0,22.0
003098.wav,microwave,18.0,23.0
003099.wav,keyboard_typing,1.0,6.0
003099.wav,phone_ringing,5.0,15.0
003099.wav,running_water,6.0,7.0
003099.wav,keyboard_typing,7.0,10.0
003099.wav,footsteps,11.0,13.0
003099.wav,running_water,11.0,13.0
003099.wav,keyboard_typing,13.0,17.0
003100.wav,running_water,1.0,5.0
003100.wav,running_water,6.0,7.0
003100.wav,running_water,8.0,13.0
003100.wav,running_water,14.0,20.0
003101.wav,footsteps,0.0,2.0
003101.wav,keyboard_typing,1.0,2.0
003101.wav,footsteps,12.0,13.0
003101.wav,footsteps,15.0,19.0
003102.wav,footsteps,1.0,3.0
003102.wav,footsteps,6.0,8.0
003102.wav,wardrobe_drawer_open_close,9.0,12.0
003102.wav,footsteps,13.0,19.0
003153.wav,keyboard_typing,1.0,2.0
003153.wav,keyboard_typing,4.0,6.0
003153.wav,footsteps,15.0,19.0
003153.wav,keyboard_typing,23.0,24.0
003154.wav,footsteps,3.0,6.0
003154.wav,cutlery_dishes,6.0,8.0
003154.wav,footsteps,12.0,13.0
003154.wav,coffee_machine,20.0,24.0
003154.wav,microwave,22.0,27.0
003154.wav,coffee_machine,27.0,34.0
003155.wav,running_water,2.0,3.0
003155.wav,footsteps,2.0,4.0
003155.wav,footsteps,8.0,12.0
003155.wav,footsteps,13.0,17.0
003155.wav,footsteps,19.0,20.0
003155.wav,keyboard_typing,24.0,25.0
003155.wav,footsteps,31.0,33.0
003156.wav,bell_ringing,5.0,7.0
003156.wav,phone_ringing,5.0,7.0
003156.wav,footsteps,14.0,16.0
003156.wav,phone_ringing,21.0,23.0
003156.wav,footsteps,24.0,31.0
003157.wav,door_open_close,0.0,1.0
003157.wav,footsteps,0.0,1.0
003157.wav,footsteps,2.0,5.0
003157.wav,running_water,5.0,23.0
003157.wav,footsteps,26.0,31.0
003158.wav,footsteps,22.0,24.0
003158.wav,wardrobe_drawer_open_close,24.0,25.0
003159.wav,keyboard_typing,0.0,3.0
003159.wav,footsteps,6.0,11.0
003159.wav,footsteps,17.0,20.0
003159.wav,footsteps,32.0,34.0
003159.wav,wardrobe_drawer_open_close,32.0,34.0
003160.wav,footsteps,0.0,4.0
003160.wav,cutlery_dishes,4.0,6.0
003160.wav,footsteps,6.0,9.0
003160.wav,running_water,10.0,13.0
003160.wav,microwave,20.0,21.0
003161.wav,cutlery_dishes,9.0,10.0
003161.wav,phone_ringing,17.0,19.0
003161.wav,footsteps,32.0,33.0
003162.wav,footsteps,5.0,7.0
003162.wav,toilet_flushing,8.0,9.0
003162.wav,footsteps,11.0,14.0
003162.wav,door_open_close,13.0,15.0
003162.wav,footsteps,16.0,18.0
003162.wav,running_water,18.0,22.0
003162.wav,footsteps,23.0,28.0
003162.wav,footsteps,31.0,32.0
003162.wav,running_water,31.0,32.0
003208.wav,footsteps,2.0,7.0
003208.wav,footsteps,8.0,11.0
003208.wav,footsteps,14.0,15.0
003209.wav,footsteps,1.0,2.0
003209.wav,footsteps,4.0,7.0
003209.wav,footsteps,11.0,16.0
003210.wav,keyboard_typing,0.0,1.0
003210.wav,phone_ringing,0.0,1.0
003210.wav,footsteps,4.0,8.0
003210.wav,footsteps,15.0,20.0
003210.wav,footsteps,28.0,31.0
003211.wav,microwave,1.0,2.0
003211.wav,coffee_machine,1.0,4.0
003211.wav,coffee_machine,6.0,19.0
003211.wav,microwave,16.0,22.0
003211.wav,coffee_machine,20.0,22.0
003212.wav,footsteps,2.0,4.0
003212.wav,footsteps,20.0,24.0
003212.wav,footsteps,29.0,30.0
003212.wav,footsteps,32.0,33.0
003213.wav,phone_ringing,10.0,15.0
003214.wav,keyboard_typing,1.0,4.0
003214.wav,keyboard_typing,8.0,11.0
003214.wav,keyboard_typing,13.0,15.0
003214.wav,footsteps,17.0,23.0
003290.wav,toilet_flushing,3.0,6.0
003290.wav,running_water,3.0,9.0
003290.wav,toilet_flushing,7.0,8.0
003290.wav,footsteps,11.0,12.0
003290.wav,running_water,14.0,22.0
003291.wav,footsteps,0.0,2.0
003291.wav,keychain,8.0,11.0
003291.wav,cutlery_dishes,9.0,10.0
003291.wav,footsteps,12.0,16.0
003292.wav,footsteps,0.0,1.0
003292.wav,running_water,0.0,16.0
003292.wav,cutlery_dishes,1.0,6.0
003292.wav,cutlery_dishes,8.0,10.0
003292.wav,cutlery_dishes,15.0,16.0
003293.wav,footsteps,0.0,3.0
003293.wav,door_open_close,5.0,7.0
003293.wav,wardrobe_drawer_open_close,8.0,10.0
003293.wav,keyboard_typing,11.0,22.0
003294.wav,vacuum_cleaner,1.0,18.0
003295.wav,footsteps,0.0,5.0
003295.wav,keychain,3.0,7.0
003295.wav,cutlery_dishes,5.0,7.0
003295.wav,door_open_close,8.0,11.0
003295.wav,footsteps,10.0,12.0
003295.wav,keychain,14.0,17.0
003295.wav,cutlery_dishes,17.0,19.0
003296.wav,microwave,6.0,7.0
003296.wav,running_water,7.0,11.0
003296.wav,vacuum_cleaner,8.0,10.0
003296.wav,running_water,13.0,19.0
003296.wav,vacuum_cleaner,16.0,18.0
003297.wav,phone_ringing,3.0,4.0
003297.wav,footsteps,15.0,17.0
003297.wav,door_open_close,17.0,18.0
003298.wav,wardrobe_drawer_open_close,1.0,3.0
003298.wav,microwave,3.0,6.0
003298.wav,vacuum_cleaner,7.0,11.0
003298.wav,running_water,8.0,22.0
003298.wav,cutlery_dishes,10.0,11.0
003298.wav,vacuum_cleaner,15.0,24.0
003298.wav,running_water,23.0,28.0
003298.wav,door_open_close,26.0,28.0
003299.wav,running_water,1.0,20.0
003299.wav,phone_ringing,6.0,12.0
003299.wav,toilet_flushing,12.0,13.0
003299.wav,vacuum_cleaner,13.0,16.0
003299.wav,keyboard_typing,20.0,21.0
003340.wav,footsteps,2.0,5.0
003340.wav,cutlery_dishes,7.0,10.0
003340.wav,running_water,12.0,20.0
003341.wav,footsteps,1.0,5.0
003341.wav,running_water,6.0,10.0
003341.wav,keychain,6.0,12.0
003341.wav,keychain,16.0,18.0
003342.wav,footsteps,3.0,10.0
003343.wav,keyboard_typing,0.0,9.0
003343.wav,bell_ringing,9.0,12.0
003343.wav,footsteps,12.0,22.0
003344.wav,microwave,9.0,10.0
003344.wav,toilet_flushing,13.0,19.0
003344.wav,running_water,16.0,27.0
003345.wav,wardrobe_drawer_open_close,3.0,5.0
003345.wav,microwave,4.0,19.0
003345.wav,cutlery_dishes,10.0,15.0
003345.wav,bell_ringing,12.0,14.0
003345.wav,running_water,15.0,22.0
003345.wav,cutlery_dishes,17.0,20.0
003345.wav,microwave,20.0,25.0
003346.wav,keyboard_typing,1.0,11.0
003346.wav,phone_ringing,11.0,19.0
003347.wav,phone_ringing,3.0,19.0
003347.wav,cutlery_dishes,13.0,14.0
003347.wav,bell_ringing,15.0,18.0
003348.wav,wardrobe_drawer_open_close,1.0,3.0
003348.wav,microwave,3.0,7.0
003348.wav,wardrobe_drawer_open_close,5.0,8.0
003348.wav,phone_ringing,9.0,12.0
003348.wav,footsteps,12.0,15.0
003348.wav,phone_ringing,14.0,16.0
003349.wav,keyboard_typing,1.0,3.0
003349.wav,footsteps,5.0,8.0
003349.wav,footsteps,10.0,15.0
003349.wav,vacuum_cleaner,25.0,29.0
003349.wav,vacuum_cleaner,30.0,31.0
003349.wav,cutlery_dishes,33.0,34.0
003350.wav,toilet_flushing,1.0,3.0
003350.wav,running_water,5.0,9.0
003350.wav,microwave,5.0,22.0
003350.wav,running_water,14.0,17.0
003350.wav,microwave,24.0,26.0
003350.wav,phone_ringing,24.0,27.0
003350.wav,microwave,27.0,29.0
003350.wav,phone_ringing,29.0,31.0
003351.wav,keyboard_typing,1.0,3.0
003351.wav,footsteps,9.0,14.0
003351.wav,phone_ringing,13.0,21.0
003351.wav,keyboard_typing,20.0,23.0
003351.wav,door_open_close,24.0,25.0
003351.wav,footsteps,26.0,28.0
003352.wav,vacuum_cleaner,0.0,13.0
003352.wav,toilet_flushing,4.0,12.0
003352.wav,phone_ringing,14.0,22.0
003352.wav,bell_ringing,21.0,23.0
003352.wav,door_open_close,24.0,25.0
003352.wav,footsteps,25.0,27.0
003353.wav,footsteps,1.0,8.0
003353.wav,keyboard_typing,16.0,18.0
003354.wav,microwave,5.0,28.0
003355.wav,footsteps,6.0,7.0
003355.wav,keyboard_typing,19.0,20.0
003355.wav,keyboard_typing,26.0,28.0
003356.wav,microwave,0.0,20.0
003356.wav,running_water,15.0,20.0
003356.wav,vacuum_cleaner,16.0,19.0
003356.wav,cutlery_dishes,19.0,27.0
003356.wav,microwave,22.0,33.0
003356.wav,running_water,23.0,25.0
003356.wav,cutlery_dishes,30.0,33.0
003356.wav,running_water,32.0,33.0
003357.wav,vacuum_cleaner,0.0,19.0
003357.wav,toilet_flushing,1.0,3.0
003357.wav,toilet_flushing,12.0,20.0
003357.wav,running_water,16.0,20.0
003388.wav,toilet_flushing,3.0,6.0
003388.wav,vacuum_cleaner,3.0,8.0
003388.wav,door_open_close,12.0,14.0
003388.wav,footsteps,21.0,24.0
003388.wav,keychain,26.0,28.0
003389.wav,wardrobe_drawer_open_close,20.0,21.0
003389.wav,microwave,22.0,23.0
003390.wav,running_water,4.0,20.0
003391.wav,footsteps,10.0,15.0
003391.wav,keychain,13.0,14.0
003391.wav,keychain,22.0,23.0
003391.wav,footsteps,23.0,26.0
003391.wav,keyboard_typing,27.0,28.0
003392.wav,door_open_close,8.0,11.0
003392.wav,footsteps,12.0,14.0
003392.wav,door_open_close,15.0,18.0
003392.wav,window_open_close,16.0,18.0
003392.wav,footsteps,19.0,22.0
003392.wav,footsteps,23.0,25.0
003393.wav,vacuum_cleaner,7.0,22.0
003393.wav,toilet_flushing,8.0,9.0
003393.wav,running_water,12.0,16.0
003393.wav,toilet_flushing,19.0,21.0
003394.wav,door_open_close,5.0,7.0
003394.wav,window_open_close,5.0,7.0
003394.wav,footsteps,5.0,8.0
003394.wav,running_water,9.0,20.0
003394.wav,toilet_flushing,14.0,17.0
003394.wav,footsteps,25.0,27.0
003396.wav,microwave,14.0,15.0
003396.wav,toilet_flushing,22.0,25.0
003396.wav,vacuum_cleaner,22.0,29.0
003397.wav,vacuum_cleaner,3.0,17.0
003397.wav,footsteps,7.0,8.0
003397.wav,running_water,11.0,22.0
003397.wav,toilet_flushing,17.0,19.0
003397.wav,vacuum_cleaner,18.0,27.0
003397.wav,toilet_flushing,22.0,26.0
003398.wav,door_open_close,12.0,13.0
003398.wav,footsteps,14.0,16.0
003398.wav,footsteps,18.0,19.0
003399.wav,toilet_flushing,2.0,7.0
003399.wav,vacuum_cleaner,3.0,5.0
003399.wav,running_water,4.0,24.0
003399.wav,footsteps,31.0,34.0
003399.wav,footsteps,35.0,36.0
003400.wav,footsteps,1.0,5.0
003400.wav,footsteps,7.0,9.0
003400.wav,footsteps,11.0,14.0
003400.wav,door_open_close,17.0,18.0
003401.wav,keyboard_typing,1.0,11.0
003401.wav,keyboard_typing,16.0,17.0
003402.wav,footsteps,1.0,2.0
003402.wav,footsteps,5.0,11.0
003402.wav,footsteps,14.0,20.0
003402.wav,running_water,23.0,31.0
003403.wav,keyboard_typing,6.0,7.0
003403.wav,keyboard_typing,12.0,16.0
003403.wav,phone_ringing,17.0,19.0
003404.wav,footsteps,2.0,3.0
003404.wav,vacuum_cleaner,5.0,19.0
003405.wav,footsteps,2.0,5.0
003405.wav,cutlery_dishes,9.0,11.0
003405.wav,light_switch,10.0,11.0
003405.wav,running_water,14.0,22.0
003424.wav,wardrobe_drawer_open_close,1.0,3.0
003424.wav,door_open_close,3.0,4.0
003424.wav,footsteps,15.0,16.0
003424.wav,wardrobe_drawer_open_close,16.0,17.0
003425.wav,footsteps,2.0,6.0
003425.wav,footsteps,13.0,18.0
003426.wav,footsteps,0.0,8.0
003426.wav,footsteps,9.0,11.0
003426.wav,door_open_close,18.0,20.0
003427.wav,footsteps,1.0,2.0
003427.wav,microwave,9.0,26.0
003428.wav,running_water,2.0,7.0
003428.wav,cutlery_dishes,9.0,11.0
003428.wav,running_water,20.0,25.0
003429.wav,footsteps,1.0,6.0
003429.wav,keychain,8.0,12.0
003429.wav,door_open_close,12.0,13.0
003429.wav,footsteps,12.0,15.0
003429.wav,door_open_close,15.0,17.0
003429.wav,footsteps,17.0,19.0
003430.wav,keyboard_typing,1.0,19.0
003430.wav,phone_ringing,9.0,13.0
003430.wav,phone_ringing,17.0,19.0
003431.wav,vacuum_cleaner,1.0,18.0
003431.wav,running_water,6.0,7.0
003431.wav,phone_ringing,12.0,14.0
003431.wav,phone_ringing,17.0,19.0
003476.wav,microwave,4.0,22.0
003476.wav,cutlery_dishes,10.0,12.0
003477.wav,toilet_flushing,2.0,7.0
003477.wav,running_water,6.0,21.0
003477.wav,door_open_close,33.0,35.0
003478.wav,keychain,0.0,1.0
003478.wav,keychain,2.0,4.0
003478.wav,keychain,6.0,7.0
003478.wav,keychain,13.0,14.0
003478.wav,cutlery_dishes,13.0,15.0
003478.wav,footsteps,15.0,16.0
003479.wav,cutlery_dishes,0.0,1.0
003479.wav,footsteps,2.0,3.0
003479.wav,wardrobe_drawer_open_close,2.0,4.0
003479.wav,cutlery_dishes,3.0,4.0
003479.wav,footsteps,4.0,9.0
003480.wav,coffee_machine,13.0,15.0
003480.wav,running_water,15.0,18.0
003480.wav,cutlery_dishes,19.0,21.0
003480.wav,coffee_machine,22.0,26.0
003481.wav,bell_ringing,2.0,4.0
003481.wav,phone_ringing,2.0,4.0
003481.wav,footsteps,6.0,12.0
003482.wav,keyboard_typing,2.0,10.0
003482.wav,keychain,5.0,9.0
003482.wav,footsteps,25.0,27.0
003482.wav,phone_ringing,28.0,31.0
003483.wav,keyboard_typing,0.0,1.0
003483.wav,footsteps,1.0,5.0
003483.wav,coffee_machine,7.0,14.0
003483.wav,vacuum_cleaner,7.0,20.0
003483.wav,footsteps,9.0,11.0
003483.wav,bell_ringing,10.0,18.0
003483.wav,phone_ringing,12.0,14.0
003483.wav,coffee_machine,15.0,18.0
003483.wav,phone_ringing,18.0,26.0
003483.wav,footsteps,26.0,27.0
003483.wav,phone_ringing,27.0,30.0
003512.wav,footsteps,6.0,8.0
003512.wav,microwave,10.0,22.0
003513.wav,bell_ringing,1.0,3.0
003513.wav,wardrobe_drawer_open_close,3.0,5.0
003513.wav,footsteps,5.0,10.0
003513.wav,door_open_close,11.0,13.0
003513.wav,footsteps,15.0,18.0
003513.wav,door_open_close,19.0,21.0
003514.wav,keyboard_typing,0.0,20.0
003514.wav,phone_ringing,18.0,21.0
003515.wav,footsteps,2.0,4.0
003515.wav,running_water,5.0,14.0
003515.wav,cutlery_dishes,8.0,10.0
003515.wav,keyboard_typing,13.0,14.0
003516.wav,footsteps,0.0,1.0
003516.wav,keychain,0.0,2.0
003516.wav,keychain,4.0,7.0
003516.wav,door_open_close,6.0,9.0
003516.wav,keychain,8.0,11.0
003516.wav,door_open_close,17.0,18.0
003516.wav,wardrobe_drawer_open_close,17.0,18.0
003517.wav,door_open_close,8.0,10.0
003517.wav,microwave,9.0,12.0
003517.wav,toilet_flushing,16.0,17.0
003517.wav,running_water,18.0,21.0
003518.wav,vacuum_cleaner,1.0,22.0
003519.wav,footsteps,0.0,11.0
003519.wav,door_open_close,16.0,18.0
003520.wav,keyboard_typing,5.0,7.0
003520.wav,running_water,8.0,11.0
003520.wav,phone_ringing,8.0,13.0
003520.wav,microwave,10.0,14.0
003520.wav,cutlery_dishes,11.0,12.0
003520.wav,running_water,15.0,16.0
003521.wav,cutlery_dishes,12.0,18.0
003523.wav,keychain,1.0,7.0
003523.wav,keychain,11.0,13.0
003524.wav,running_water,2.0,7.0
003524.wav,microwave,3.0,4.0
003524.wav,phone_ringing,4.0,6.0
003524.wav,phone_ringing,16.0,18.0
003525.wav,toilet_flushing,2.0,3.0
003525.wav,running_water,6.0,11.0
003525.wav,coffee_machine,17.0,18.0
003526.wav,keyboard_typing,1.0,3.0
003526.wav,keyboard_typing,5.0,6.0
003526.wav,phone_ringing,5.0,6.0
003527.wav,vacuum_cleaner,1.0,11.0
003527.wav,phone_ringing,5.0,9.0
003527.wav,running_water,9.0,14.0
003527.wav,cutlery_dishes,10.0,11.0
003527.wav,phone_ringing,11.0,16.0
003527.wav,microwave,13.0,16.0
003528.wav,vacuum_cleaner,0.0,17.0
003528.wav,cutlery_dishes,2.0,5.0
003528.wav,running_water,3.0,6.0
003528.wav,phone_ringing,6.0,10.0
003528.wav,cutlery_dishes,7.0,8.0
003528.wav,microwave,8.0,10.0
003528.wav,cutlery_dishes,11.0,12.0
003528.wav,phone_ringing,12.0,15.0
003528.wav,running_water,14.0,17.0
003528.wav,toilet_flushing,16.0,17.0
003529.wav,running_water,5.0,6.0
003529.wav,phone_ringing,6.0,9.0
003529.wav,vacuum_cleaner,6.0,17.0
003529.wav,cutlery_dishes,8.0,9.0
003529.wav,running_water,9.0,12.0
003529.wav,phone_ringing,12.0,15.0
003529.wav,coffee_machine,14.0,17.0
003529.wav,running_water,16.0,17.0
003660.wav,footsteps,1.0,4.0
003660.wav,footsteps,5.0,8.0
003660.wav,cutlery_dishes,9.0,11.0
003660.wav,running_water,10.0,21.0
003660.wav,cutlery_dishes,15.0,18.0
003660.wav,cutlery_dishes,19.0,26.0
003660.wav,running_water,22.0,24.0
003660.wav,running_water,26.0,28.0
003661.wav,keyboard_typing,0.0,6.0
003661.wav,keyboard_typing,12.0,20.0
003661.wav,phone_ringing,17.0,23.0
003662.wav,footsteps,2.0,4.0
003662.wav,footsteps,6.0,8.0
003662.wav,running_water,20.0,24.0
003662.wav,toilet_flushing,20.0,25.0
003662.wav,running_water,26.0,28.0
003664.wav,bell_ringing,4.0,6.0
003664.wav,footsteps,6.0,10.0
003664.wav,footsteps,17.0,19.0
003664.wav,door_open_close,21.0,23.0
003664.wav,keychain,21.0,25.0
003665.wav,footsteps,2.0,3.0
003665.wav,footsteps,6.0,9.0
003665.wav,running_water,10.0,13.0
003665.wav,door_open_close,20.0,22.0
003665.wav,phone_ringing,25.0,26.0
003665.wav,running_water,25.0,29.0
003666.wav,footsteps,4.0,6.0
003667.wav,keychain,12.0,17.0
003818.wav,wardrobe_drawer_open_close,0.0,1.0
003818.wav,window_open_close,0.0,1.0
003818.wav,running_water,0.0,3.0
003818.wav,toilet_flushing,5.0,7.0
003818.wav,running_water,9.0,12.0
003818.wav,footsteps,15.0,16.0
003818.wav,window_open_close,19.0,20.0
003819.wav,phone_ringing,0.0,7.0
003819.wav,wardrobe_drawer_open_close,7.0,9.0
003819.wav,window_open_close,7.0,9.0
003819.wav,wardrobe_drawer_open_close,15.0,16.0
003819.wav,window_open_close,15.0,16.0
003820.wav,coffee_machine,0.0,1.0
003820.wav,vacuum_cleaner,0.0,7.0
003820.wav,footsteps,9.0,12.0
003821.wav,window_open_close,0.0,2.0
003821.wav,door_open_close,0.0,3.0
003821.wav,footsteps,3.0,11.0
003821.wav,door_open_close,12.0,15.0
003821.wav,wardrobe_drawer_open_close,12.0,15.0
003821.wav,footsteps,15.0,16.0
003821.wav,keychain,19.0,21.0
003821.wav,keyboard_typing,21.0,22.0
003822.wav,cutlery_dishes,1.0,3.0
003822.wav,running_water,7.0,9.0
003822.wav,vacuum_cleaner,8.0,9.0
003822.wav,vacuum_cleaner,12.0,13.0
003823.wav,microwave,2.0,17.0
003824.wav,footsteps,0.0,1.0
003824.wav,wardrobe_drawer_open_close,0.0,1.0
003824.wav,vacuum_cleaner,0.0,10.0
003824.wav,microwave,5.0,7.0
003824.wav,footsteps,11.0,13.0
003824.wav,keyboard_typing,14.0,20.0
003824.wav,footsteps,17.0,19.0
003825.wav,coffee_machine,2.0,4.0
003825.wav,door_open_close,5.0,7.0
003825.wav,door_open_close,10.0,12.0
003825.wav,window_open_close,11.0,12.0
003846.wav,footsteps,1.0,9.0
003846.wav,footsteps,10.0,17.0
003846.wav,wardrobe_drawer_open_close,16.0,17.0
003846.wav,running_water,18.0,23.0
003847.wav,footsteps,1.0,23.0
003847.wav,keyboard_typing,22.0,23.0
003848.wav,footsteps,1.0,16.0
003848.wav,wardrobe_drawer_open_close,11.0,12.0
003848.wav,keyboard_typing,19.0,20.0
003849.wav,microwave,0.0,20.0
003849.wav,cutlery_dishes,6.0,19.0
003849.wav,cutlery_dishes,22.0,24.0
003849.wav,microwave,23.0,24.0
003850.wav,running_water,2.0,16.0
003850.wav,vacuum_cleaner,7.0,12.0
003851.wav,toilet_flushing,1.0,7.0
003851.wav,vacuum_cleaner,2.0,5.0
003851.wav,running_water,2.0,7.0
003851.wav,running_water,11.0,17.0
003852.wav,keyboard_typing,1.0,4.0
003852.wav,keyboard_typing,7.0,9.0
003852.wav,keyboard_typing,11.0,12.0
003852.wav,keyboard_typing,15.0,17.0
003852.wav,keychain,22.0,25.0
003852.wav,door_open_close,28.0,30.0
003853.wav,phone_ringing,2.0,5.0
003853.wav,phone_ringing,7.0,9.0
003853.wav,footsteps,11.0,15.0
003853.wav,footsteps,23.0,27.0
003853.wav,footsteps,30.0,33.0
003913.wav,light_switch,2.0,4.0
003913.wav,light_switch,6.0,7.0
003913.wav,footsteps,9.0,16.0
003914.wav,microwave,2.0,11.0
003914.wav,footsteps,5.0,12.0
003914.wav,microwave,13.0,16.0
003915.wav,running_water,3.0,22.0
003915.wav,cutlery_dishes,8.0,10.0
003915.wav,cutlery_dishes,15.0,17.0
003916.wav,window_open_close,5.0,7.0
003916.wav,footsteps,5.0,8.0
003916.wav,door_open_close,6.0,7.0
003916.wav,light_switch,11.0,14.0
003916.wav,keyboard_typing,15.0,17.0
003917.wav,running_water,3.0,18.0
003917.wav,microwave,7.0,18.0
003918.wav,cutlery_dishes,2.0,6.0
003918.wav,keychain,4.0,7.0
003918.wav,cutlery_dishes,7.0,9.0
003919.wav,door_open_close,4.0,5.0
003919.wav,footsteps,5.0,13.0
003919.wav,footsteps,16.0,19.0
003920.wav,keyboard_typing,1.0,23.0
003920.wav,phone_ringing,12.0,24.0
003920.wav,microwave,18.0,19.0
003920.wav,microwave,23.0,24.0
003940.wav,wardrobe_drawer_open_close,0.0,1.0
003940.wav,running_water,1.0,5.0
003940.wav,cutlery_dishes,1.0,17.0
003940.wav,keychain,3.0,17.0
003940.wav,running_water,8.0,25.0
003940.wav,microwave,10.0,15.0
003940.wav,microwave,16.0,17.0
003940.wav,keychain,19.0,21.0
003940.wav,cutlery_dishes,19.0,22.0
003940.wav,keychain,23.0,25.0
003940.wav,cutlery_dishes,24.0,25.0
003941.wav,keyboard_typing,0.0,7.0
003941.wav,footsteps,2.0,3.0
003941.wav,bell_ringing,8.0,10.0
003941.wav,cutlery_dishes,11.0,14.0
003941.wav,phone_ringing,12.0,16.0
003941.wav,bell_ringing,14.0,18.0
003941.wav,cutlery_dishes,16.0,26.0
003941.wav,vacuum_cleaner,17.0,22.0
003941.wav,coffee_machine,24.0,26.0
003941.wav,bell_ringing,25.0,26.0
003942.wav,footsteps,0.0,13.0
003942.wav,door_open_close,14.0,15.0
003942.wav,footsteps,16.0,18.0
003943.wav,door_open_close,0.0,1.0
003943.wav,footsteps,0.0,1.0
003943.wav,keychain,0.0,26.0
003943.wav,cutlery_dishes,2.0,4.0
003943.wav,keyboard_typing,4.0,7.0
003943.wav,running_water,12.0,13.0
003943.wav,keyboard_typing,15.0,16.0
003943.wav,keyboard_typing,19.0,25.0
003944.wav,footsteps,1.0,7.0
003944.wav,toilet_flushing,11.0,13.0
003944.wav,running_water,14.0,16.0
003944.wav,footsteps,17.0,21.0
003945.wav,keyboard_typing,1.0,20.0
003946.wav,keychain,0.0,20.0
003946.wav,keyboard_typing,2.0,3.0
003946.wav,cutlery_dishes,2.0,4.0
003946.wav,keyboard_typing,7.0,8.0
003946.wav,cutlery_dishes,10.0,13.0
003946.wav,keyboard_typing,12.0,15.0
003946.wav,cutlery_dishes,15.0,18.0
003947.wav,footsteps,7.0,10.0
003947.wav,footsteps,20.0,22.0
004037.wav,footsteps,2.0,6.0
004037.wav,footsteps,10.0,12.0
004037.wav,keyboard_typing,12.0,21.0
004037.wav,keyboard_typing,22.0,24.0
004037.wav,footsteps,24.0,25.0
004038.wav,microwave,0.0,1.0
004038.wav,running_water,1.0,17.0
004038.wav,cutlery_dishes,3.0,12.0
004039.wav,footsteps,0.0,6.0
004039.wav,footsteps,12.0,18.0
004039.wav,keyboard_typing,17.0,18.0
004040.wav,footsteps,1.0,3.0
004040.wav,toilet_flushing,3.0,6.0
004040.wav,vacuum_cleaner,5.0,6.0
004040.wav,running_water,7.0,18.0
004040.wav,toilet_flushing,8.0,10.0
004040.wav,vacuum_cleaner,13.0,14.0
004040.wav,vacuum_cleaner,16.0,17.0
004040.wav,vacuum_cleaner,18.0,20.0
004040.wav,running_water,19.0,20.0
004041.wav,keyboard_typing,0.0,1.0
004041.wav,vacuum_cleaner,4.0,27.0
004041.wav,keyboard_typing,28.0,29.0
004042.wav,vacuum_cleaner,3.0,14.0
004042.wav,microwave,4.0,14.0
004042.wav,coffee_machine,9.0,10.0
004042.wav,bell_ringing,10.0,13.0
004043.wav,footsteps,1.0,4.0
004043.wav,footsteps,8.0,9.0
004043.wav,footsteps,10.0,12.0
004043.wav,footsteps,15.0,17.0
004043.wav,keyboard_typing,18.0,28.0
004044.wav,footsteps,0.0,3.0
004044.wav,footsteps,5.0,14.0
004044.wav,phone_ringing,16.0,17.0
004044.wav,light_switch,19.0,20.0
004044.wav,footsteps,20.0,21.0
004045.wav,footsteps,0.0,1.0
004045.wav,footsteps,2.0,4.0
004045.wav,microwave,5.0,10.0
004045.wav,running_water,9.0,25.0
004045.wav,cutlery_dishes,12.0,18.0
004045.wav,microwave,18.0,19.0
004045.wav,microwave,23.0,25.0
004046.wav,footsteps,0.0,3.0
004046.wav,vacuum_cleaner,6.0,17.0
004046.wav,phone_ringing,12.0,14.0
004144.wav,footsteps,1.0,6.0
004144.wav,wardrobe_drawer_open_close,9.0,10.0
004144.wav,cutlery_dishes,11.0,13.0
004144.wav,footsteps,16.0,17.0
004145.wav,door_open_close,0.0,2.0
004145.wav,footsteps,2.0,14.0
004145.wav,keychain,15.0,18.0
004145.wav,footsteps,16.0,18.0
004145.wav,door_open_close,17.0,21.0
004145.wav,footsteps,20.0,21.0
004145.wav,keychain,20.0,21.0
004146.wav,keyboard_typing,5.0,17.0
004147.wav,footsteps,1.0,5.0
004147.wav,running_water,8.0,17.0
004147.wav,toilet_flushing,11.0,13.0
004147.wav,cutlery_dishes,11.0,14.0
004147.wav,footsteps,16.0,17.0
004148.wav,phone_ringing,0.0,2.0
004148.wav,phone_ringing,3.0,5.0
004148.wav,keyboard_typing,4.0,5.0
004148.wav,footsteps,4.0,7.0
004148.wav,phone_ringing,7.0,10.0
004148.wav,keyboard_typing,8.0,9.0
004148.wav,footsteps,9.0,12.0
004148.wav,phone_ringing,12.0,13.0
004148.wav,phone_ringing,15.0,17.0
004149.wav,footsteps,0.0,6.0
004149.wav,microwave,14.0,23.0
004150.wav,footsteps,0.0,4.0
004150.wav,vacuum_cleaner,2.0,3.0
004150.wav,running_water,2.0,16.0
004150.wav,toilet_flushing,5.0,8.0
004150.wav,footsteps,10.0,15.0
004151.wav,footsteps,0.0,1.0
004151.wav,door_open_close,1.0,3.0
004151.wav,phone_ringing,7.0,17.0
004151.wav,cutlery_dishes,9.0,11.0
004151.wav,footsteps,17.0,19.0
004151.wav,door_open_close,19.0,23.0
004151.wav,keychain,20.0,23.0
004151.wav,cutlery_dishes,21.0,22.0
004152.wav,footsteps,0.0,1.0
004152.wav,running_water,0.0,33.0
004152.wav,microwave,1.0,9.0
004152.wav,coffee_machine,2.0,3.0
004152.wav,coffee_machine,5.0,7.0
004152.wav,coffee_machine,8.0,10.0
004152.wav,phone_ringing,8.0,14.0
004152.wav,microwave,10.0,30.0
004152.wav,coffee_machine,11.0,12.0
004152.wav,coffee_machine,13.0,14.0
004152.wav,phone_ringing,16.0,18.0
004152.wav,phone_ringing,20.0,22.0
004152.wav,phone_ringing,24.0,26.0
004153.wav,running_water,2.0,9.0
004153.wav,keychain,2.0,14.0
004153.wav,footsteps,2.0,18.0
004153.wav,running_water,12.0,24.0
004153.wav,keychain,21.0,24.0
004153.wav,cutlery_dishes,23.0,24.0
004172.wav,footsteps,2.0,8.0
004172.wav,keychain,9.0,14.0
004172.wav,keyboard_typing,12.0,14.0
004172.wav,phone_ringing,20.0,25.0
004173.wav,phone_ringing,0.0,7.0
004173.wav,microwave,11.0,17.0
004173.wav,running_water,21.0,29.0
004173.wav,bell_ringing,26.0,28.0
004174.wav,bell_ringing,0.0,5.0
004174.wav,keychain,1.0,4.0
004174.wav,footsteps,5.0,7.0
004174.wav,footsteps,9.0,11.0
004175.wav,keychain,1.0,3.0
004175.wav,wardrobe_drawer_open_close,5.0,7.0
004175.wav,running_water,18.0,19.0
004175.wav,phone_ringing,19.0,22.0
004175.wav,phone_ringing,23.0,25.0
004175.wav,keyboard_typing,24.0,25.0
004176.wav,phone_ringing,1.0,6.0
004176.wav,vacuum_cleaner,10.0,14.0
004176.wav,running_water,13.0,15.0
004177.wav,bell_ringing,1.0,4.0
004177.wav,keyboard_typing,8.0,11.0
004177.wav,keychain,13.0,16.0
004177.wav,cutlery_dishes,15.0,16.0
004177.wav,running_water,15.0,16.0
004178.wav,footsteps,1.0,4.0
004178.wav,phone_ringing,6.0,10.0
004178.wav,phone_ringing,12.0,15.0
004178.wav,bell_ringing,17.0,20.0
004179.wav,phone_ringing,2.0,6.0
004179.wav,phone_ringing,8.0,10.0
004179.wav,keyboard_typing,12.0,16.0
004179.wav,bell_ringing,20.0,23.0
004180.wav,microwave,3.0,18.0
004180.wav,phone_ringing,13.0,14.0
004180.wav,phone_ringing,16.0,18.0
004181.wav,keyboard_typing,12.0,18.0
004181.wav,footsteps,20.0,21.0
004356.wav,running_water,0.0,6.0
004356.wav,cutlery_dishes,0.0,24.0
004356.wav,keychain,2.0,24.0
004356.wav,running_water,7.0,24.0
004357.wav,door_open_close,0.0,1.0
004357.wav,footsteps,0.0,2.0
004357.wav,toilet_flushing,3.0,9.0
004357.wav,running_water,7.0,12.0
004357.wav,footsteps,13.0,16.0
004357.wav,running_water,19.0,28.0
004357.wav,footsteps,28.0,29.0
004358.wav,door_open_close,3.0,4.0
004358.wav,microwave,5.0,15.0
004358.wav,coffee_machine,6.0,7.0
004358.wav,running_water,9.0,11.0
004358.wav,coffee_machine,9.0,12.0
004358.wav,cutlery_dishes,17.0,24.0
004359.wav,door_open_close,0.0,1.0
004359.wav,footsteps,0.0,5.0
004359.wav,keychain,4.0,8.0
004359.wav,door_open_close,8.0,9.0
004359.wav,footsteps,8.0,11.0
004359.wav,door_open_close,13.0,19.0
004359.wav,keychain,14.0,17.0
004359.wav,cutlery_dishes,15.0,17.0
004359.wav,footsteps,17.0,19.0
004359.wav,window_open_close,18.0,19.0
004360.wav,footsteps,0.0,5.0
004360.wav,vacuum_cleaner,6.0,16.0
004361.wav,keyboard_typing,3.0,22.0
004361.wav,phone_ringing,3.0,24.0
004362.wav,footsteps,1.0,6.0
004362.wav,footsteps,10.0,13.0
004362.wav,door_open_close,14.0,16.0
004362.wav,footsteps,19.0,24.0
004363.wav,door_open_close,2.0,3.0
004363.wav,keyboard_typing,2.0,3.0
004363.wav,door_open_close,6.0,9.0
004363.wav,window_open_close,6.0,9.0
004363.wav,phone_ringing,13.0,17.0
004363.wav,phone_ringing,22.0,24.0
004364.wav,microwave,0.0,17.0
004364.wav,running_water,0.0,17.0
004364.wav,cutlery_dishes,1.0,9.0
004364.wav,cutlery_dishes,11.0,17.0
004365.wav,phone_ringing,0.0,2.0
004365.wav,door_open_close,2.0,6.0
004365.wav,phone_ringing,5.0,13.0
004365.wav,door_open_close,7.0,9.0
004365.wav,door_open_close,11.0,14.0
004365.wav,cutlery_dishes,12.0,15.0
004365.wav,phone_ringing,15.0,17.0
004365.wav,keyboard_typing,16.0,17.0
004366.wav,footsteps,2.0,5.0
004366.wav,footsteps,6.0,9.0
004366.wav,footsteps,17.0,19.0
004366.wav,keychain,21.0,22.0
004367.wav,toilet_flushing,6.0,9.0
004367.wav,vacuum_cleaner,7.0,8.0
004367.wav,running_water,7.0,9.0
004367.wav,footsteps,13.0,14.0
004368.wav,keyboard_typing,1.0,19.0
004369.wav,keychain,2.0,3.0
004369.wav,light_switch,5.0,7.0
004369.wav,keyboard_typing,12.0,13.0
004369.wav,door_open_close,13.0,15.0
004369.wav,window_open_close,14.0,15.0
004370.wav,vacuum_cleaner,3.0,11.0
004370.wav,coffee_machine,15.0,18.0
004370.wav,coffee_machine,20.0,27.0
004370.wav,microwave,21.0,27.0
004371.wav,vacuum_cleaner,1.0,12.0
004371.wav,phone_ringing,13.0,15.0
004372.wav,keyboard_typing,1.0,6.0
004372.wav,footsteps,15.0,17.0
004372.wav,keyboard_typing,23.0,24.0
004373.wav,footsteps,4.0,8.0
004373.wav,footsteps,16.0,20.0
004373.wav,keyboard_typing,22.0,26.0
004412.wav,microwave,4.0,32.0
004412.wav,coffee_machine,6.0,8.0
004412.wav,running_water,8.0,32.0
004412.wav,coffee_machine,11.0,14.0
004412.wav,coffee_machine,19.0,32.0
004413.wav,door_open_close,0.0,1.0
004413.wav,footsteps,4.0,10.0
004414.wav,keyboard_typing,1.0,9.0
004414.wav,phone_ringing,7.0,9.0
004414.wav,bell_ringing,13.0,15.0
004414.wav,microwave,15.0,22.0
004415.wav,keyboard_typing,1.0,9.0
004415.wav,door_open_close,11.0,17.0
004415.wav,window_open_close,12.0,14.0
004415.wav,wardrobe_drawer_open_close,16.0,17.0
004416.wav,keychain,1.0,3.0
004416.wav,footsteps,7.0,13.0
004417.wav,phone_ringing,0.0,2.0
004417.wav,footsteps,7.0,11.0
004417.wav,running_water,12.0,17.0
004417.wav,footsteps,17.0,22.0
004418.wav,toilet_flushing,2.0,8.0
004418.wav,running_water,10.0,15.0
004419.wav,running_water,1.0,4.0
004419.wav,footsteps,7.0,15.0
004419.wav,running_water,13.0,16.0
004419.wav,wardrobe_drawer_open_close,15.0,16.0
004420.wav,microwave,3.0,4.0
004420.wav,keyboard_typing,4.0,15.0
004420.wav,door_open_close,12.0,14.0
004420.wav,microwave,14.0,15.0
004421.wav,running_water,1.0,3.0
004421.wav,footsteps,4.0,6.0
004421.wav,running_water,4.0,10.0
004421.wav,footsteps,10.0,14.0
004469.wav,keyboard_typing,2.0,4.0
004469.wav,cutlery_dishes,10.0,15.0
004469.wav,keyboard_typing,16.0,18.0
004469.wav,footsteps,18.0,19.0
004470.wav,cutlery_dishes,1.0,3.0
004470.wav,cutlery_dishes,5.0,7.0
004470.wav,footsteps,8.0,15.0
004471.wav,keyboard_typing,0.0,5.0
004471.wav,door_open_close,9.0,11.0
004471.wav,keyboard_typing,14.0,16.0
004471.wav,keyboard_typing,17.0,19.0
004471.wav,phone_ringing,20.0,21.0
004471.wav,cutlery_dishes,21.0,22.0
004472.wav,light_switch,0.0,1.0
004472.wav,footsteps,3.0,11.0
004472.wav,cutlery_dishes,12.0,17.0
004473.wav,wardrobe_drawer_open_close,0.0,1.0
004473.wav,footsteps,0.0,3.0
004473.wav,footsteps,5.0,8.0
004473.wav,footsteps,9.0,11.0
004473.wav,footsteps,12.0,15.0
004474.wav,footsteps,0.0,3.0
004474.wav,door_open_close,3.0,5.0
004474.wav,footsteps,5.0,10.0
004474.wav,cutlery_dishes,17.0,18.0
004475.wav,footsteps,0.0,4.0
004475.wav,window_open_close,5.0,7.0
004475.wav,door_open_close,5.0,8.0
004475.wav,footsteps,8.0,10.0
004475.wav,footsteps,13.0,14.0
004475.wav,toilet_flushing,15.0,18.0
004475.wav,running_water,16.0,17.0
004475.wav,running_water,18.0,19.0
004475.wav,toilet_flushing,20.0,21.0
004476.wav,microwave,0.0,13.0
004476.wav,running_water,1.0,10.0
004476.wav,cutlery_dishes,7.0,9.0
004476.wav,footsteps,13.0,17.0
004476.wav,wardrobe_drawer_open_close,17.0,18.0
004477.wav,running_water,1.0,6.0
004477.wav,microwave,18.0,28.0
004477.wav,running_water,19.0,26.0
004477.wav,cutlery_dishes,21.0,24.0
004478.wav,microwave,0.0,3.0
004478.wav,running_water,0.0,3.0
004478.wav,running_water,5.0,17.0
004478.wav,toilet_flushing,6.0,10.0
004478.wav,microwave,14.0,17.0
004525.wav,keychain,3.0,6.0
004525.wav,door_open_close,7.0,8.0
004525.wav,footsteps,10.0,12.0
004525.wav,footsteps,15.0,16.0
004525.wav,keychain,17.0,19.0
004525.wav,keychain,22.0,24.0
004525.wav,cutlery_dishes,24.0,28.0
004525.wav,running_water,25.0,26.0
004525.wav,keychain,26.0,28.0
004526.wav,keyboard_typing,0.0,1.0
004526.wav,cutlery_dishes,8.0,17.0
004526.wav,door_open_close,17.0,18.0
004526.wav,running_water,21.0,24.0
004526.wav,cutlery_dishes,24.0,26.0
004527.wav,keyboard_typing,0.0,1.0
004527.wav,footsteps,1.0,2.0
004527.wav,phone_ringing,9.0,12.0
004527.wav,phone_ringing,16.0,20.0
004527.wav,phone_ringing,21.0,25.0
004528.wav,keyboard_typing,0.0,7.0
004528.wav,cutlery_dishes,8.0,11.0
004528.wav,keyboard_typing,11.0,13.0
004528.wav,footsteps,12.0,16.0
004528.wav,footsteps,17.0,19.0
004528.wav,keyboard_typing,20.0,28.0
004528.wav,footsteps,30.0,31.0
004529.wav,running_water,1.0,4.0
004529.wav,footsteps,2.0,5.0
004529.wav,footsteps,7.0,11.0
004529.wav,keyboard_typing,13.0,21.0
004530.wav,footsteps,2.0,8.0
004530.wav,door_open_close,5.0,6.0
004530.wav,toilet_flushing,10.0,12.0
004530.wav,running_water,10.0,22.0
004530.wav,door_open_close,24.0,25.0
004531.wav,cutlery_dishes,4.0,6.0
004531.wav,vacuum_cleaner,8.0,11.0
004531.wav,running_water,9.0,18.0
004531.wav,cutlery_dishes,17.0,20.0
004531.wav,running_water,20.0,23.0
004532.wav,door_open_close,0.0,1.0
004532.wav,footsteps,0.0,2.0
004532.wav,footsteps,4.0,6.0
004532.wav,footsteps,14.0,16.0
004533.wav,footsteps,1.0,2.0
004533.wav,running_water,2.0,4.0
004533.wav,vacuum_cleaner,7.0,10.0
004533.wav,bell_ringing,8.0,9.0
004533.wav,phone_ringing,8.0,9.0
004533.wav,running_water,14.0,15.0
004533.wav,vacuum_cleaner,16.0,21.0
004533.wav,running_water,17.0,21.0
004534.wav,footsteps,1.0,4.0
004534.wav,running_water,8.0,19.0
004534.wav,footsteps,25.0,26.0
004563.wav,running_water,2.0,14.0
004563.wav,cutlery_dishes,4.0,8.0
004563.wav,cutlery_dishes,10.0,13.0
004564.wav,toilet_flushing,2.0,10.0
004564.wav,vacuum_cleaner,3.0,12.0
004564.wav,running_water,12.0,16.0
004564.wav,vacuum_cleaner,16.0,18.0
004564.wav,vacuum_cleaner,23.0,26.0
004565.wav,footsteps,1.0,5.0
004565.wav,keychain,5.0,7.0
004565.wav,footsteps,9.0,21.0
004565.wav,door_open_close,10.0,11.0
004565.wav,wardrobe_drawer_open_close,16.0,18.0
004566.wav,cutlery_dishes,5.0,7.0
004566.wav,microwave,7.0,23.0
004566.wav,cutlery_dishes,10.0,18.0
004566.wav,cutlery_dishes,19.0,20.0
004567.wav,footsteps,3.0,6.0
004567.wav,keychain,14.0,16.0
004567.wav,footsteps,15.0,18.0
004567.wav,light_switch,18.0,19.0
004568.wav,keyboard_typing,1.0,4.0
004568.wav,keyboard_typing,6.0,10.0
004568.wav,phone_ringing,10.0,14.0
004568.wav,keyboard_typing,19.0,24.0
004569.wav,wardrobe_drawer_open_close,2.0,4.0
004569.wav,wardrobe_drawer_open_close,8.0,10.0
004569.wav,wardrobe_drawer_open_close,11.0,13.0
004570.wav,footsteps,0.0,4.0
004570.wav,footsteps,5.0,10.0
004570.wav,wardrobe_drawer_open_close,11.0,13.0
004570.wav,keyboard_typing,14.0,18.0
004570.wav,phone_ringing,17.0,20.0
004571.wav,microwave,5.0,8.0
004571.wav,running_water,6.0,14.0
004571.wav,cutlery_dishes,9.0,11.0
004571.wav,microwave,15.0,21.0
004571.wav,running_water,15.0,25.0
004571.wav,cutlery_dishes,16.0,18.0
004572.wav,keyboard_typing,1.0,6.0
004572.wav,phone_ringing,3.0,7.0
004572.wav,keyboard_typing,8.0,12.0
004572.wav,phone_ringing,8.0,12.0
004572.wav,keyboard_typing,13.0,19.0
004581.wav,footsteps,1.0,3.0
004581.wav,microwave,8.0,21.0
004581.wav,running_water,25.0,31.0
004581.wav,microwave,28.0,31.0
004582.wav,footsteps,2.0,9.0
004582.wav,keyboard_typing,10.0,11.0
004582.wav,keychain,10.0,12.0
004582.wav,footsteps,12.0,19.0
004582.wav,footsteps,20.0,23.0
004582.wav,footsteps,26.0,28.0
004583.wav,footsteps,0.0,1.0
004583.wav,footsteps,2.0,4.0
004583.wav,phone_ringing,5.0,8.0
004583.wav,bell_ringing,6.0,8.0
004583.wav,footsteps,8.0,14.0
004583.wav,footsteps,19.0,23.0
004584.wav,footsteps,0.0,8.0
004584.wav,door_open_close,8.0,9.0
004584.wav,footsteps,12.0,14.0
004584.wav,running_water,19.0,25.0
004585.wav,footsteps,0.0,2.0
004585.wav,keyboard_typing,2.0,8.0
004585.wav,footsteps,4.0,5.0
004585.wav,footsteps,7.0,11.0
004585.wav,keyboard_typing,11.0,20.0
004585.wav,phone_ringing,12.0,20.0
004586.wav,footsteps,3.0,5.0
004586.wav,vacuum_cleaner,5.0,14.0
004586.wav,running_water,7.0,27.0
004586.wav,vacuum_cleaner,16.0,28.0
004587.wav,footsteps,1.0,6.0
004587.wav,footsteps,8.0,12.0
004587.wav,footsteps,14.0,16.0
004587.wav,footsteps,17.0,18.0
004587.wav,keyboard_typing,21.0,25.0
004588.wav,microwave,0.0,12.0
004588.wav,running_water,2.0,21.0
004588.wav,microwave,20.0,23.0
004589.wav,microwave,1.0,10.0
004589.wav,vacuum_cleaner,10.0,26.0
004589.wav,running_water,12.0,26.0
004589.wav,microwave,27.0,34.0
004589.wav,running_water,28.0,33.0
004590.wav,microwave,1.0,19.0
004590.wav,cutlery_dishes,6.0,11.0
004590.wav,running_water,12.0,26.0
004590.wav,cutlery_dishes,14.0,19.0
004590.wav,microwave,20.0,28.0
004591.wav,running_water,1.0,21.0
004591.wav,cutlery_dishes,2.0,12.0
004591.wav,cutlery_dishes,14.0,18.0
004592.wav,footsteps,1.0,6.0
004592.wav,vacuum_cleaner,7.0,13.0
004593.wav,door_open_close,0.0,1.0
004593.wav,microwave,4.0,6.0
004593.wav,phone_ringing,8.0,18.0
004593.wav,running_water,12.0,17.0
004593.wav,keyboard_typing,15.0,17.0
004594.wav,keyboard_typing,0.0,22.0
004594.wav,phone_ringing,3.0,6.0
004594.wav,phone_ringing,8.0,12.0
004594.wav,phone_ringing,13.0,17.0
004594.wav,phone_ringing,18.0,21.0
004595.wav,footsteps,0.0,4.0
004595.wav,keychain,3.0,5.0
004595.wav,footsteps,7.0,11.0
004595.wav,door_open_close,8.0,10.0
004595.wav,footsteps,15.0,20.0
004596.wav,keyboard_typing,0.0,1.0
004596.wav,running_water,0.0,2.0
004596.wav,toilet_flushing,2.0,8.0
004596.wav,running_water,3.0,10.0
004596.wav,footsteps,13.0,18.0
004596.wav,running_water,21.0,28.0
004596.wav,light_switch,29.0,30.0
004597.wav,footsteps,0.0,3.0
004597.wav,microwave,6.0,17.0
004597.wav,cutlery_dishes,18.0,22.0
004597.wav,door_open_close,21.0,22.0
004598.wav,footsteps,0.0,9.0
004598.wav,door_open_close,19.0,20.0
004598.wav,footsteps,19.0,20.0
004598.wav,wardrobe_drawer_open_close,19.0,20.0
004598.wav,window_open_close,19.0,20.0
004599.wav,phone_ringing,0.0,2.0
004599.wav,toilet_flushing,2.0,6.0
004599.wav,footsteps,6.0,8.0
004599.wav,door_open_close,8.0,9.0
004599.wav,phone_ringing,9.0,16.0
004600.wav,keychain,0.0,2.0
004600.wav,phone_ringing,0.0,2.0
004600.wav,running_water,2.0,18.0
004600.wav,cutlery_dishes,4.0,17.0
004600.wav,phone_ringing,19.0,20.0
004639.wav,keyboard_typing,1.0,5.0
004639.wav,keyboard_typing,12.0,19.0
004639.wav,phone_ringing,15.0,17.0
004640.wav,footsteps,0.0,7.0
004640.wav,wardrobe_drawer_open_close,10.0,11.0
004640.wav,footsteps,14.0,19.0
004640.wav,footsteps,20.0,23.0
004640.wav,keychain,23.0,28.0
004640.wav,footsteps,27.0,30.0
004640.wav,door_open_close,28.0,29.0
004641.wav,footsteps,4.0,7.0
004641.wav,running_water,8.0,12.0
004641.wav,coffee_machine,19.0,28.0
004641.wav,microwave,20.0,28.0
004642.wav,keyboard_typing,1.0,13.0
004642.wav,footsteps,13.0,23.0
004642.wav,keyboard_typing,25.0,30.0
004643.wav,microwave,6.0,7.0
004643.wav,footsteps,6.0,8.0
004643.wav,cutlery_dishes,8.0,20.0
004643.wav,footsteps,22.0,23.0
004644.wav,keyboard_typing,1.0,16.0
004644.wav,footsteps,18.0,22.0
004645.wav,wardrobe_drawer_open_close,0.0,1.0
004645.wav,keychain,2.0,4.0
004645.wav,footsteps,4.0,7.0
004645.wav,cutlery_dishes,7.0,9.0
004645.wav,keychain,7.0,13.0
004645.wav,footsteps,10.0,11.0
004645.wav,footsteps,12.0,19.0
004645.wav,footsteps,22.0,23.0
004646.wav,footsteps,1.0,9.0
004646.wav,footsteps,12.0,14.0
004646.wav,keyboard_typing,16.0,17.0
004646.wav,footsteps,17.0,18.0
004646.wav,wardrobe_drawer_open_close,19.0,21.0
004646.wav,footsteps,19.0,23.0
004647.wav,cutlery_dishes,8.0,17.0
004647.wav,phone_ringing,13.0,15.0
004647.wav,microwave,19.0,21.0
004648.wav,footsteps,1.0,3.0
004648.wav,running_water,4.0,22.0
004648.wav,keychain,14.0,18.0
004659.wav,keyboard_typing,2.0,3.0
004659.wav,phone_ringing,2.0,6.0
004659.wav,keyboard_typing,5.0,13.0
004659.wav,phone_ringing,8.0,12.0
004659.wav,phone_ringing,13.0,15.0
004659.wav,keyboard_typing,14.0,15.0
004660.wav,door_open_close,1.0,3.0
004660.wav,footsteps,6.0,10.0
004660.wav,running_water,11.0,16.0
004661.wav,keyboard_typing,0.0,1.0
004661.wav,running_water,2.0,16.0
004661.wav,cutlery_dishes,3.0,16.0
004662.wav,wardrobe_drawer_open_close,2.0,4.0
004662.wav,keychain,6.0,9.0
004662.wav,wardrobe_drawer_open_close,9.0,10.0
004662.wav,footsteps,10.0,15.0
004663.wav,bell_ringing,1.0,11.0
004663.wav,door_open_close,16.0,17.0
004664.wav,wardrobe_drawer_open_close,2.0,3.0
004664.wav,footsteps,7.0,11.0
004664.wav,keyboard_typing,11.0,16.0
004665.wav,door_open_close,1.0,3.0
004665.wav,footsteps,5.0,10.0
004665.wav,running_water,11.0,15.0
004665.wav,toilet_flushing,11.0,15.0
004666.wav,footsteps,1.0,7.0
004666.wav,window_open_close,7.0,9.0
004666.wav,keyboard_typing,9.0,10.0
004666.wav,window_open_close,15.0,16.0
004667.wav,microwave,4.0,10.0
004668.wav,door_open_close,8.0,10.0
004668.wav,wardrobe_drawer_open_close,8.0,10.0
004668.wav,footsteps,8.0,16.0
004669.wav,footsteps,0.0,1.0
004669.wav,toilet_flushing,2.0,5.0
004669.wav,vacuum_cleaner,3.0,5.0
004669.wav,running_water,5.0,9.0
004669.wav,toilet_flushing,6.0,9.0
004669.wav,microwave,11.0,13.0
004669.wav,microwave,14.0,16.0
004670.wav,footsteps,0.0,1.0
004670.wav,running_water,2.0,18.0
004671.wav,keyboard_typing,9.0,12.0
004671.wav,keychain,10.0,11.0
004671.wav,footsteps,13.0,16.0
004672.wav,footsteps,1.0,3.0
004672.wav,keyboard_typing,1.0,8.0
004672.wav,footsteps,7.0,8.0
004672.wav,keyboard_typing,13.0,16.0
004673.wav,footsteps,3.0,6.0
004673.wav,door_open_close,11.0,13.0
004673.wav,footsteps,13.0,15.0
004674.wav,phone_ringing,0.0,16.0
004674.wav,cutlery_dishes,1.0,4.0
004674.wav,cutlery_dishes,5.0,6.0
004674.wav,microwave,5.0,6.0
004674.wav,keyboard_typing,15.0,16.0
004675.wav,footsteps,1.0,3.0
004675.wav,footsteps,13.0,15.0
004675.wav,keychain,16.0,18.0
004675.wav,door_open_close,20.0,23.0
004675.wav,keyboard_typing,24.0,26.0
004675.wav,door_open_close,27.0,31.0
004676.wav,keyboard_typing,1.0,22.0
004676.wav,phone_ringing,19.0,28.0
004676.wav,bell_ringing,20.0,28.0
004676.wav,keyboard_typing,25.0,27.0
004677.wav,microwave,1.0,24.0
004677.wav,cutlery_dishes,8.0,11.0
004677.wav,cutlery_dishes,12.0,16.0
004678.wav,footsteps,4.0,7.0
004678.wav,toilet_flushing,8.0,12.0
004678.wav,running_water,15.0,19.0
004678.wav,toilet_flushing,17.0,23.0
004678.wav,vacuum_cleaner,20.0,25.0
004680.wav,footsteps,0.0,1.0
004680.wav,footsteps,3.0,7.0
004680.wav,microwave,18.0,24.0
004680.wav,door_open_close,24.0,26.0
004681.wav,running_water,3.0,11.0
004681.wav,cutlery_dishes,11.0,20.0
004681.wav,running_water,12.0,16.0
004681.wav,running_water,19.0,24.0
004682.wav,footsteps,3.0,10.0
004682.wav,light_switch,11.0,13.0
004682.wav,door_open_close,20.0,22.0
004682.wav,window_open_close,20.0,22.0
004683.wav,microwave,2.0,22.0
004683.wav,running_water,9.0,15.0
004683.wav,cutlery_dishes,13.0,18.0
004683.wav,keyboard_typing,23.0,24.0
004684.wav,keyboard_typing,3.0,26.0
004684.wav,phone_ringing,13.0,26.0
004731.wav,footsteps,1.0,7.0
004731.wav,running_water,2.0,6.0
004731.wav,running_water,7.0,9.0
004731.wav,footsteps,8.0,12.0
004732.wav,footsteps,2.0,4.0
004732.wav,keychain,16.0,18.0
004733.wav,keyboard_typing,1.0,5.0
004733.wav,keyboard_typing,8.0,11.0
004733.wav,light_switch,21.0,24.0
004733.wav,keyboard_typing,28.0,32.0
004734.wav,keyboard_typing,2.0,16.0
004734.wav,light_switch,20.0,21.0
004734.wav,phone_ringing,25.0,27.0
004734.wav,phone_ringing,30.0,32.0
004734.wav,coffee_machine,31.0,32.0
004735.wav,cutlery_dishes,15.0,17.0
004736.wav,cutlery_dishes,8.0,12.0
004736.wav,cutlery_dishes,21.0,26.0
004736.wav,cutlery_dishes,34.0,38.0
004737.wav,toilet_flushing,6.0,9.0
004737.wav,running_water,6.0,26.0
004737.wav,keychain,19.0,21.0
004737.wav,footsteps,26.0,27.0
004786.wav,keychain,4.0,6.0
004786.wav,keyboard_typing,4.0,10.0
004786.wav,phone_ringing,12.0,18.0
004786.wav,keyboard_typing,15.0,16.0
004787.wav,running_water,0.0,21.0
004787.wav,cutlery_dishes,7.0,15.0
004787.wav,microwave,8.0,12.0
004787.wav,microwave,18.0,21.0
004788.wav,footsteps,3.0,4.0
004788.wav,footsteps,7.0,9.0
004789.wav,keychain,0.0,3.0
004789.wav,keychain,7.0,10.0
004790.wav,footsteps,2.0,3.0
004790.wav,footsteps,8.0,9.0
004790.wav,light_switch,10.0,12.0
004791.wav,microwave,2.0,13.0
004791.wav,cutlery_dishes,5.0,9.0
004792.wav,running_water,2.0,11.0
004792.wav,toilet_flushing,11.0,14.0
004792.wav,running_water,13.0,16.0
004793.wav,bell_ringing,3.0,6.0
004793.wav,bell_ringing,8.0,11.0
004793.wav,bell_ringing,13.0,15.0
004794.wav,vacuum_cleaner,2.0,12.0
004794.wav,phone_ringing,9.0,11.0
004794.wav,vacuum_cleaner,13.0,18.0
004794.wav,phone_ringing,17.0,18.0
004794.wav,vacuum_cleaner,20.0,22.0
004795.wav,microwave,4.0,23.0
004795.wav,running_water,7.0,16.0
004795.wav,cutlery_dishes,12.0,19.0
004883.wav,wardrobe_drawer_open_close,0.0,2.0
004883.wav,running_water,10.0,12.0
004883.wav,footsteps,18.0,20.0
004883.wav,wardrobe_drawer_open_close,18.0,20.0
004883.wav,window_open_close,19.0,20.0
004884.wav,wardrobe_drawer_open_close,0.0,1.0
004884.wav,wardrobe_drawer_open_close,5.0,8.0
004884.wav,microwave,7.0,9.0
004884.wav,wardrobe_drawer_open_close,10.0,13.0
004884.wav,microwave,10.0,15.0
004884.wav,wardrobe_drawer_open_close,20.0,21.0
004884.wav,microwave,22.0,23.0
004884.wav,microwave,24.0,25.0
004884.wav,wardrobe_drawer_open_close,29.0,30.0
004885.wav,phone_ringing,3.0,5.0
004885.wav,cutlery_dishes,3.0,6.0
004885.wav,running_water,9.0,12.0
004886.wav,bell_ringing,0.0,1.0
004886.wav,vacuum_cleaner,1.0,11.0
004886.wav,vacuum_cleaner,14.0,21.0
004887.wav,phone_ringing,6.0,14.0
004887.wav,footsteps,16.0,19.0
004887.wav,keychain,20.0,22.0
004887.wav,door_open_close,22.0,24.0
004887.wav,footsteps,22.0,26.0
004888.wav,vacuum_cleaner,1.0,4.0
004888.wav,keychain,9.0,11.0
004888.wav,footsteps,11.0,15.0
004888.wav,vacuum_cleaner,12.0,18.0
004888.wav,door_open_close,18.0,19.0
004888.wav,footsteps,18.0,19.0
004888.wav,vacuum_cleaner,19.0,20.0
004889.wav,keyboard_typing,0.0,3.0
004889.wav,footsteps,5.0,11.0
004889.wav,wardrobe_drawer_open_close,7.0,8.0
004889.wav,keychain,8.0,11.0
004889.wav,door_open_close,8.0,12.0
004889.wav,window_open_close,11.0,12.0
004889.wav,footsteps,13.0,16.0
004889.wav,door_open_close,16.0,18.0
004889.wav,window_open_close,17.0,18.0
004890.wav,microwave,1.0,3.0
004890.wav,footsteps,7.0,10.0
004891.wav,door_open_close,0.0,1.0
004891.wav,running_water,1.0,5.0
004891.wav,vacuum_cleaner,7.0,14.0
004891.wav,toilet_flushing,8.0,14.0
004891.wav,bell_ringing,10.0,11.0
004892.wav,running_water,1.0,5.0
004892.wav,vacuum_cleaner,6.0,11.0
004892.wav,toilet_flushing,7.0,10.0
004893.wav,phone_ringing,1.0,4.0
004893.wav,cutlery_dishes,1.0,5.0
004893.wav,running_water,16.0,17.0
004893.wav,cutlery_dishes,16.0,18.0
004894.wav,keychain,2.0,4.0
004894.wav,cutlery_dishes,3.0,6.0
004894.wav,microwave,9.0,11.0
004894.wav,cutlery_dishes,10.0,12.0
004894.wav,microwave,14.0,17.0
004894.wav,running_water,17.0,26.0
004894.wav,coffee_machine,18.0,27.0
004894.wav,microwave,26.0,27.0
004894.wav,cutlery_dishes,31.0,33.0
004894.wav,microwave,31.0,33.0
004895.wav,running_water,3.0,24.0
004895.wav,cutlery_dishes,6.0,10.0
004895.wav,phone_ringing,14.0,17.0
004896.wav,keyboard_typing,1.0,9.0
004896.wav,phone_ringing,6.0,9.0
004896.wav,footsteps,12.0,27.0
004897.wav,bell_ringing,2.0,6.0
004897.wav,footsteps,3.0,10.0
004897.wav,keychain,5.0,10.0
004897.wav,running_water,8.0,9.0
004897.wav,door_open_close,10.0,12.0
004897.wav,door_open_close,16.0,17.0
004897.wav,footsteps,17.0,18.0
004898.wav,toilet_flushing,0.0,1.0
004898.wav,vacuum_cleaner,8.0,21.0
004898.wav,toilet_flushing,18.0,21.0
004899.wav,vacuum_cleaner,0.0,11.0
004899.wav,toilet_flushing,1.0,4.0
004899.wav,footsteps,11.0,13.0
004899.wav,keychain,14.0,20.0
004899.wav,footsteps,15.0,18.0
004899.wav,door_open_close,18.0,19.0
004899.wav,footsteps,25.0,28.0
004900.wav,phone_ringing,7.0,9.0
004900.wav,cutlery_dishes,7.0,10.0
004900.wav,cutlery_dishes,12.0,18.0
004901.wav,toilet_flushing,2.0,4.0
004901.wav,running_water,2.0,8.0
004901.wav,running_water,15.0,20.0
004901.wav,vacuum_cleaner,17.0,18.0
004902.wav,light_switch,2.0,3.0
004902.wav,footsteps,9.0,11.0
004902.wav,wardrobe_drawer_open_close,15.0,17.0
005160.wav,toilet_flushing,4.0,7.0
005160.wav,running_water,6.0,29.0
005161.wav,phone_ringing,0.0,1.0
005161.wav,keyboard_typing,2.0,4.0
005161.wav,footsteps,4.0,5.0
005161.wav,wardrobe_drawer_open_close,12.0,14.0
005161.wav,footsteps,23.0,26.0
005161.wav,door_open_close,26.0,28.0
005161.wav,wardrobe_drawer_open_close,27.0,28.0
005162.wav,keyboard_typing,1.0,11.0
005162.wav,keychain,8.0,9.0
005162.wav,footsteps,15.0,16.0
005163.wav,microwave,11.0,12.0
005163.wav,microwave,15.0,17.0
005164.wav,footsteps,1.0,4.0
005164.wav,footsteps,6.0,11.0
005164.wav,footsteps,14.0,16.0
005165.wav,phone_ringing,2.0,3.0
005165.wav,footsteps,6.0,8.0
005165.wav,keyboard_typing,9.0,10.0
005165.wav,keychain,11.0,13.0
005166.wav,keyboard_typing,15.0,16.0
005167.wav,keychain,0.0,1.0
005167.wav,keyboard_typing,1.0,7.0
005167.wav,keyboard_typing,8.0,11.0
005167.wav,keyboard_typing,28.0,32.0
005177.wav,microwave,0.0,2.0
005177.wav,toilet_flushing,2.0,7.0
005177.wav,running_water,2.0,8.0
005177.wav,running_water,9.0,16.0
005178.wav,footsteps,0.0,3.0
005178.wav,keyboard_typing,11.0,17.0
005178.wav,keychain,19.0,20.0
005178.wav,door_open_close,26.0,27.0
005178.wav,wardrobe_drawer_open_close,26.0,27.0
005179.wav,vacuum_cleaner,1.0,14.0
005179.wav,vacuum_cleaner,15.0,19.0
005179.wav,phone_ringing,18.0,19.0
005180.wav,footsteps,1.0,4.0
005181.wav,running_water,1.0,33.0
005181.wav,toilet_flushing,4.0,5.0
005181.wav,cutlery_dishes,9.0,11.0
005181.wav,toilet_flushing,10.0,12.0
005181.wav,phone_ringing,11.0,13.0
005181.wav,keyboard_typing,12.0,14.0
005181.wav,keyboard_typing,17.0,19.0
005181.wav,toilet_flushing,23.0,25.0
005181.wav,phone_ringing,23.0,26.0
005181.wav,cutlery_dishes,27.0,29.0
005182.wav,keyboard_typing,1.0,10.0
005182.wav,keyboard_typing,22.0,25.0
005183.wav,footsteps,1.0,5.0
005183.wav,door_open_close,11.0,13.0
005183.wav,wardrobe_drawer_open_close,11.0,13.0
005183.wav,footsteps,13.0,16.0
005184.wav,phone_ringing,8.0,11.0
005184.wav,phone_ringing,18.0,19.0
005185.wav,running_water,2.0,5.0
005185.wav,running_water,12.0,13.0
005185.wav,running_water,15.0,16.0
005185.wav,keychain,18.0,20.0
005185.wav,running_water,18.0,20.0
005185.wav,wardrobe_drawer_open_close,24.0,26.0
005186.wav,keyboard_typing,0.0,6.0
005186.wav,keyboard_typing,8.0,17.0
005186.wav,phone_ringing,12.0,15.0
005215.wav,footsteps,5.0,7.0
005215.wav,footsteps,16.0,20.0
005216.wav,running_water,3.0,9.0
005216.wav,cutlery_dishes,12.0,13.0
005216.wav,keyboard_typing,14.0,17.0
005216.wav,phone_ringing,17.0,18.0
005216.wav,cutlery_dishes,17.0,20.0
005216.wav,footsteps,20.0,22.0
005217.wav,toilet_flushing,6.0,8.0
005218.wav,footsteps,2.0,3.0
005218.wav,footsteps,7.0,10.0
005218.wav,wardrobe_drawer_open_close,11.0,14.0
005218.wav,footsteps,12.0,13.0
005218.wav,keyboard_typing,16.0,25.0
005219.wav,footsteps,13.0,20.0
005219.wav,footsteps,22.0,24.0
005220.wav,footsteps,5.0,10.0
005220.wav,wardrobe_drawer_open_close,11.0,15.0
005220.wav,keyboard_typing,17.0,24.0
005221.wav,footsteps,2.0,3.0
005221.wav,footsteps,6.0,7.0
005221.wav,wardrobe_drawer_open_close,7.0,10.0
005221.wav,footsteps,9.0,13.0
005221.wav,footsteps,15.0,17.0
005221.wav,footsteps,18.0,20.0
005221.wav,footsteps,25.0,27.0
005222.wav,footsteps,13.0,14.0
005223.wav,running_water,3.0,15.0
005223.wav,footsteps,6.0,16.0
005224.wav,footsteps,1.0,10.0
005224.wav,door_open_close,11.0,13.0
005224.wav,footsteps,13.0,15.0
005224.wav,footsteps,16.0,18.0
005300.wav,door_open_close,2.0,4.0
005300.wav,footsteps,19.0,22.0
005301.wav,toilet_flushing,3.0,5.0
005301.wav,vacuum_cleaner,4.0,5.0
005301.wav,running_water,7.0,16.0
005301.wav,toilet_flushing,10.0,12.0
005301.wav,footsteps,19.0,22.0
005301.wav,footsteps,24.0,26.0
005302.wav,running_water,6.0,10.0
005302.wav,wardrobe_drawer_open_close,16.0,17.0
005303.wav,footsteps,2.0,4.0
005303.wav,footsteps,6.0,7.0
005303.wav,vacuum_cleaner,9.0,16.0
005303.wav,footsteps,20.0,22.0
005303.wav,wardrobe_drawer_open_close,21.0,22.0
005303.wav,footsteps,23.0,26.0
005303.wav,light_switch,25.0,26.0
005304.wav,footsteps,4.0,6.0
005304.wav,footsteps,8.0,14.0
005304.wav,door_open_close,21.0,24.0
005305.wav,cutlery_dishes,3.0,5.0
005305.wav,footsteps,11.0,18.0
005305.wav,door_open_close,18.0,20.0
005305.wav,window_open_close,18.0,20.0
005305.wav,wardrobe_drawer_open_close,20.0,21.0
005306.wav,keyboard_typing,0.0,6.0
005306.wav,footsteps,8.0,13.0
005306.wav,footsteps,17.0,19.0
005306.wav,running_water,20.0,26.0
005306.wav,footsteps,28.0,29.0
005306.wav,running_water,29.0,30.0
005307.wav,keyboard_typing,1.0,3.0
005307.wav,keychain,6.0,7.0
005307.wav,keyboard_typing,6.0,8.0
005307.wav,phone_ringing,10.0,12.0
005307.wav,keyboard_typing,10.0,16.0
005326.wav,microwave,0.0,5.0
005326.wav,footsteps,5.0,7.0
005326.wav,microwave,9.0,20.0
005326.wav,running_water,17.0,25.0
005326.wav,phone_ringing,25.0,27.0
005327.wav,running_water,1.0,13.0
005327.wav,footsteps,9.0,10.0
005327.wav,cutlery_dishes,14.0,16.0
005328.wav,toilet_flushing,2.0,3.0
005328.wav,running_water,2.0,4.0
005328.wav,footsteps,7.0,9.0
005328.wav,door_open_close,8.0,11.0
005328.wav,footsteps,10.0,11.0
005328.wav,keyboard_typing,17.0,22.0
005329.wav,keyboard_typing,7.0,9.0
005329.wav,door_open_close,13.0,15.0
005329.wav,keyboard_typing,17.0,31.0
005329.wav,phone_ringing,21.0,23.0
005329.wav,phone_ringing,30.0,31.0
005329.wav,keyboard_typing,35.0,36.0
005330.wav,keyboard_typing,1.0,12.0
005330.wav,cutlery_dishes,18.0,19.0
005331.wav,phone_ringing,0.0,1.0
005331.wav,door_open_close,4.0,6.0
005331.wav,microwave,6.0,11.0
005331.wav,door_open_close,11.0,14.0
005332.wav,toilet_flushing,2.0,5.0
005332.wav,running_water,4.0,15.0
005332.wav,door_open_close,16.0,18.0
005332.wav,door_open_close,19.0,22.0
005333.wav,keyboard_typing,3.0,10.0
005333.wav,keyboard_typing,13.0,14.0
005333.wav,keychain,17.0,19.0
005333.wav,phone_ringing,23.0,24.0
005334.wav,running_water,0.0,1.0
005334.wav,keychain,5.0,6.0
005334.wav,phone_ringing,6.0,8.0
005334.wav,running_water,6.0,13.0
005334.wav,keychain,10.0,12.0
005334.wav,footsteps,16.0,23.0
005334.wav,running_water,18.0,20.0
005334.wav,phone_ringing,21.0,23.0
005334.wav,keychain,22.0,24.0
005335.wav,running_water,1.0,22.0
005335.wav,microwave,2.0,22.0
005335.wav,cutlery_dishes,4.0,5.0
005335.wav,cutlery_dishes,18.0,20.0
005470.wav,keyboard_typing,0.0,19.0
005470.wav,phone_ringing,18.0,21.0
005470.wav,keyboard_typing,24.0,27.0
005471.wav,footsteps,1.0,4.0
005471.wav,door_open_close,4.0,6.0
005471.wav,microwave,10.0,20.0
005472.wav,footsteps,2.0,9.0
005472.wav,keychain,5.0,6.0
005472.wav,door_open_close,7.0,8.0
005472.wav,footsteps,11.0,14.0
005472.wav,running_water,14.0,16.0
005473.wav,running_water,1.0,3.0
005474.wav,footsteps,0.0,4.0
005474.wav,keychain,2.0,5.0
005474.wav,footsteps,6.0,9.0
005474.wav,keychain,9.0,11.0
005474.wav,footsteps,12.0,18.0
005475.wav,keyboard_typing,0.0,1.0
005475.wav,phone_ringing,2.0,4.0
005475.wav,phone_ringing,11.0,13.0
005475.wav,footsteps,14.0,21.0
005476.wav,footsteps,0.0,1.0
005476.wav,footsteps,5.0,6.0
005476.wav,wardrobe_drawer_open_close,7.0,9.0
005476.wav,footsteps,10.0,12.0
005476.wav,footsteps,14.0,17.0
005477.wav,door_open_close,0.0,1.0
005477.wav,keychain,1.0,5.0
005477.wav,door_open_close,4.0,5.0
005477.wav,footsteps,6.0,12.0
005477.wav,footsteps,16.0,17.0
005478.wav,keyboard_typing,6.0,22.0
005478.wav,keychain,9.0,11.0
005478.wav,keychain,15.0,18.0
005478.wav,phone_ringing,17.0,18.0
005478.wav,phone_ringing,19.0,20.0
005479.wav,keychain,2.0,3.0
005479.wav,cutlery_dishes,3.0,8.0
005479.wav,running_water,4.0,5.0
005479.wav,keyboard_typing,4.0,7.0
005479.wav,running_water,7.0,15.0
005479.wav,phone_ringing,10.0,16.0
005508.wav,running_water,13.0,23.0
005509.wav,footsteps,4.0,5.0
005509.wav,microwave,23.0,27.0
005510.wav,vacuum_cleaner,2.0,5.0
005510.wav,running_water,15.0,21.0
005510.wav,vacuum_cleaner,16.0,18.0
005510.wav,phone_ringing,16.0,26.0
005510.wav,running_water,24.0,27.0
005511.wav,cutlery_dishes,10.0,13.0
005511.wav,footsteps,12.0,13.0
005511.wav,cutlery_dishes,20.0,23.0
005511.wav,running_water,20.0,23.0
005511.wav,cutlery_dishes,25.0,29.0
005511.wav,running_water,25.0,29.0
005512.wav,running_water,7.0,10.0
005512.wav,running_water,15.0,16.0
005512.wav,footsteps,23.0,25.0
005512.wav,running_water,23.0,25.0
005513.wav,keychain,11.0,13.0
005514.wav,door_open_close,0.0,1.0
005514.wav,keychain,9.0,11.0
005514.wav,keyboard_typing,11.0,13.0
005514.wav,keyboard_typing,15.0,17.0
005514.wav,keychain,15.0,18.0
005515.wav,footsteps,2.0,5.0
005515.wav,keychain,3.0,5.0
005515.wav,footsteps,9.0,13.0
005515.wav,microwave,17.0,19.0
005516.wav,keychain,1.0,3.0
005516.wav,running_water,1.0,6.0
005516.wav,vacuum_cleaner,3.0,16.0
005516.wav,running_water,12.0,23.0
005516.wav,cutlery_dishes,14.0,22.0
005516.wav,vacuum_cleaner,19.0,28.0
005516.wav,cutlery_dishes,24.0,28.0
005516.wav,running_water,25.0,28.0
005517.wav,running_water,3.0,18.0
005517.wav,cutlery_dishes,6.0,16.0
005554.wav,cutlery_dishes,0.0,4.0
005554.wav,cutlery_dishes,10.0,11.0
005554.wav,running_water,10.0,16.0
005554.wav,microwave,12.0,14.0
005555.wav,wardrobe_drawer_open_close,0.0,1.0
005555.wav,door_open_close,0.0,2.0
005555.wav,footsteps,2.0,4.0
005555.wav,vacuum_cleaner,9.0,10.0
005555.wav,running_water,9.0,13.0
005555.wav,bell_ringing,9.0,27.0
005555.wav,coffee_machine,9.0,27.0
005555.wav,cutlery_dishes,12.0,14.0
005555.wav,vacuum_cleaner,13.0,14.0
005555.wav,running_water,14.0,19.0
005555.wav,cutlery_dishes,17.0,18.0
005555.wav,vacuum_cleaner,17.0,26.0
005555.wav,cutlery_dishes,19.0,22.0
005555.wav,running_water,23.0,25.0
005556.wav,toilet_flushing,2.0,7.0
005556.wav,coffee_machine,4.0,6.0
005557.wav,footsteps,0.0,1.0
005557.wav,door_open_close,1.0,3.0
005557.wav,running_water,6.0,15.0
005557.wav,running_water,16.0,20.0
005558.wav,footsteps,0.0,1.0
005558.wav,wardrobe_drawer_open_close,0.0,1.0
005558.wav,keychain,2.0,4.0
005558.wav,door_open_close,3.0,9.0
005558.wav,keychain,7.0,9.0
005558.wav,door_open_close,11.0,15.0
005558.wav,keychain,13.0,16.0
005559.wav,running_water,2.0,7.0
005559.wav,microwave,7.0,8.0
005559.wav,microwave,9.0,11.0
005560.wav,microwave,1.0,3.0
005560.wav,vacuum_cleaner,1.0,4.0
005560.wav,coffee_machine,7.0,9.0
005560.wav,coffee_machine,10.0,19.0
005560.wav,keyboard_typing,21.0,23.0
005560.wav,phone_ringing,21.0,23.0
005561.wav,footsteps,2.0,7.0
005561.wav,keyboard_typing,8.0,17.0
005561.wav,keychain,19.0,20.0
005562.wav,keyboard_typing,0.0,3.0
005562.wav,keychain,3.0,5.0
005562.wav,phone_ringing,5.0,20.0
005562.wav,keyboard_typing,6.0,8.0
005562.wav,keyboard_typing,9.0,12.0
005562.wav,running_water,12.0,16.0
005563.wav,footsteps,1.0,2.0
005563.wav,phone_ringing,10.0,17.0
005563.wav,keyboard_typing,13.0,14.0
005564.wav,keyboard_typing,1.0,10.0
005564.wav,microwave,17.0,18.0
005565.wav,wardrobe_drawer_open_close,3.0,4.0
005566.wav,door_open_close,1.0,2.0
005566.wav,footsteps,4.0,6.0
005566.wav,keyboard_typing,23.0,28.0
005567.wav,footsteps,0.0,4.0
005567.wav,toilet_flushing,10.0,14.0
005567.wav,phone_ringing,16.0,21.0
005568.wav,cutlery_dishes,0.0,1.0
005568.wav,light_switch,0.0,1.0
005568.wav,microwave,0.0,1.0
005568.wav,toilet_flushing,6.0,9.0
005568.wav,running_water,15.0,22.0
005569.wav,footsteps,1.0,7.0
005569.wav,keychain,6.0,11.0
005569.wav,keyboard_typing,12.0,13.0
005569.wav,door_open_close,13.0,16.0
005570.wav,wardrobe_drawer_open_close,5.0,7.0
005570.wav,running_water,19.0,22.0
005571.wav,wardrobe_drawer_open_close,0.0,1.0
005571.wav,window_open_close,0.0,1.0
005571.wav,toilet_flushing,0.0,5.0
005571.wav,keyboard_typing,1.0,3.0
005571.wav,running_water,1.0,6.0
005571.wav,vacuum_cleaner,5.0,12.0
005571.wav,toilet_flushing,8.0,10.0
005571.wav,footsteps,17.0,19.0
005571.wav,keychain,17.0,21.0
005571.wav,keyboard_typing,20.0,21.0
005572.wav,keyboard_typing,0.0,7.0
005572.wav,keyboard_typing,8.0,14.0
005572.wav,phone_ringing,9.0,16.0
005572.wav,keyboard_typing,17.0,27.0
005572.wav,phone_ringing,23.0,24.0
005572.wav,phone_ringing,25.0,26.0
005572.wav,footsteps,27.0,28.0
005609.wav,keyboard_typing,0.0,1.0
005609.wav,footsteps,0.0,3.0
005609.wav,window_open_close,1.0,2.0
005609.wav,keychain,3.0,5.0
005609.wav,keyboard_typing,6.0,9.0
005609.wav,keychain,7.0,8.0
005609.wav,door_open_close,9.0,11.0
005609.wav,light_switch,24.0,26.0
005609.wav,door_open_close,26.0,27.0
005609.wav,toilet_flushing,30.0,31.0
005610.wav,footsteps,0.0,8.0
005610.wav,wardrobe_drawer_open_close,2.0,4.0
005610.wav,cutlery_dishes,9.0,11.0
005610.wav,keyboard_typing,18.0,21.0
005611.wav,footsteps,2.0,7.0
005611.wav,footsteps,8.0,13.0
005611.wav,window_open_close,10.0,12.0
005611.wav,door_open_close,10.0,13.0
005611.wav,running_water,18.0,24.0
005612.wav,footsteps,1.0,5.0
005612.wav,door_open_close,6.0,8.0
005612.wav,wardrobe_drawer_open_close,7.0,8.0
005612.wav,cutlery_dishes,7.0,9.0
005612.wav,door_open_close,10.0,12.0
005612.wav,wardrobe_drawer_open_close,10.0,12.0
005612.wav,footsteps,12.0,16.0
005612.wav,door_open_close,14.0,16.0
005613.wav,running_water,1.0,3.0
005613.wav,running_water,5.0,12.0
005613.wav,keyboard_typing,16.0,19.0
005614.wav,light_switch,0.0,1.0
005614.wav,door_open_close,1.0,6.0
005614.wav,footsteps,3.0,5.0
005614.wav,vacuum_cleaner,9.0,23.0
005615.wav,keyboard_typing,5.0,12.0
005615.wav,footsteps,18.0,19.0
005615.wav,bell_ringing,25.0,27.0
005615.wav,door_open_close,30.0,31.0
005616.wav,wardrobe_drawer_open_close,1.0,3.0
005616.wav,footsteps,4.0,7.0
005616.wav,wardrobe_drawer_open_close,9.0,11.0
005616.wav,footsteps,16.0,18.0
005616.wav,bell_ringing,18.0,21.0
005616.wav,footsteps,22.0,24.0
005616.wav,door_open_close,23.0,24.0
005617.wav,cutlery_dishes,4.0,5.0
005617.wav,cutlery_dishes,7.0,9.0
005617.wav,running_water,11.0,14.0
005617.wav,cutlery_dishes,13.0,26.0
005617.wav,running_water,15.0,25.0
005617.wav,microwave,23.0,24.0
005618.wav,footsteps,2.0,6.0
005618.wav,coffee_machine,6.0,8.0
005618.wav,microwave,8.0,10.0
005618.wav,vacuum_cleaner,8.0,10.0
005618.wav,running_water,11.0,12.0
005618.wav,running_water,20.0,23.0
005618.wav,cutlery_dishes,21.0,23.0
005618.wav,vacuum_cleaner,23.0,24.0
005654.wav,keyboard_typing,0.0,1.0
005654.wav,footsteps,2.0,4.0
005654.wav,footsteps,5.0,7.0
005654.wav,footsteps,10.0,17.0
005654.wav,footsteps,19.0,20.0
005654.wav,footsteps,22.0,26.0
005655.wav,keyboard_typing,0.0,1.0
005655.wav,wardrobe_drawer_open_close,1.0,3.0
005655.wav,footsteps,4.0,6.0
005655.wav,window_open_close,5.0,7.0
005655.wav,wardrobe_drawer_open_close,5.0,8.0
005655.wav,door_open_close,6.0,7.0
005655.wav,wardrobe_drawer_open_close,11.0,12.0
005655.wav,keychain,12.0,14.0
005655.wav,wardrobe_drawer_open_close,13.0,16.0
005655.wav,footsteps,20.0,25.0
005656.wav,cutlery_dishes,2.0,4.0
005656.wav,keyboard_typing,15.0,22.0
005656.wav,phone_ringing,22.0,24.0
005656.wav,keyboard_typing,24.0,25.0
005657.wav,footsteps,2.0,11.0
005657.wav,vacuum_cleaner,17.0,30.0
005657.wav,running_water,20.0,22.0
005657.wav,phone_ringing,23.0,25.0
005657.wav,phone_ringing,27.0,29.0
005657.wav,coffee_machine,29.0,30.0
005658.wav,bell_ringing,5.0,6.0
005658.wav,phone_ringing,5.0,14.0
005658.wav,footsteps,14.0,16.0
005658.wav,footsteps,18.0,22.0
005658.wav,door_open_close,20.0,22.0
005658.wav,footsteps,26.0,29.0
005659.wav,footsteps,1.0,5.0
005659.wav,footsteps,7.0,13.0
005659.wav,wardrobe_drawer_open_close,13.0,15.0
005659.wav,running_water,18.0,22.0
005659.wav,running_water,24.0,32.0
005659.wav,vacuum_cleaner,31.0,32.0
005660.wav,vacuum_cleaner,3.0,5.0
005660.wav,toilet_flushing,3.0,6.0
005660.wav,running_water,8.0,17.0
005660.wav,footsteps,21.0,23.0
005660.wav,door_open_close,22.0,24.0
005660.wav,door_open_close,26.0,28.0
005661.wav,bell_ringing,3.0,6.0
005661.wav,phone_ringing,4.0,5.0
005661.wav,keychain,11.0,14.0
005661.wav,footsteps,11.0,18.0
005661.wav,door_open_close,19.0,20.0
005662.wav,door_open_close,6.0,7.0
005662.wav,microwave,9.0,11.0
005662.wav,cutlery_dishes,10.0,16.0
005662.wav,cutlery_dishes,17.0,19.0
005662.wav,phone_ringing,18.0,26.0
005662.wav,bell_ringing,24.0,25.0
